id,classification,subClassification,length,width,thickness,diameter,weight,quantity,broadperiod,fromdate,todate,district
842960,Leaf-shaped arrowhead,,33,19,4,,5.66,1,NEOLITHIC,-4000,-2350,Purbeck
842142,,,29.5,15.2,3.4,,1.46,1,NEOLITHIC,-2700,-2350,West Lindsey
838739,,,69.1,14.43,8.89,,11.44,1,MEDIEVAL,1250,1500,Braintree
838091,Leaf shaped,,24,16,2.5,,1.16,1,NEOLITHIC,-4000,-2200,Forest of Dean
837251,,,19.25,17.85,3.61,,0.83,1,BRONZE AGE,-2500,-1500,Mole Valley
837250,,,21.95,18.62,3.57,,1.27,1,BRONZE AGE,-2500,-1500,Mole Valley
837248,,,29.03,22.48,,,2.85,1,NEOLITHIC,-4500,-1500,Mole Valley
833451,,,22,20,3,,,1,NEOLITHIC,-4000,-3001,Breckland
832934,Oblique,,40.5,25.2,7.3,,,1,NEOLITHIC,-2700,-2200,East Riding of Yorkshire
827342,,,40,19,3,,2.69,1,NEOLITHIC,-4000,-3500,Rutland
825155,,,30,21,4,,3.23,1,NEOLITHIC,,,Melton
824106,,,26.11,21.59,2.96,,1.82,1,NEOLITHIC,-4000,-3000,Waveney
822945,,,42.01,24.14,4.32,,5.97,1,NEOLITHIC,-4000,-3000,Babergh
822101,,,39.17,18.87,4.43,,3.41,1,NEOLITHIC,-4000,-2000,Waverley
818514,,,64.1,29.6,7.5,,11.7,1,MEDIEVAL,1200,1400,East Riding of Yorkshire
818024,,,26.2,17.7,4,,1.68,1,NEOLITHIC,-2700,-1600,Cherwell
816793,,,46.19,,,,,1,MEDIEVAL,1241,1263,City and County of the City of London
813238,,,32,38,8,,8.53,1,NEOLITHIC,-3000,-2200,Cornwall
813237,,,14.5,15,3.5,,0.84,1,NEOLITHIC,-2800,-1600,Cornwall
812575,barbed and tanged,,24,20,4,,1.53,1,BRONZE AGE,-2350,-1500,Charnwood
811120,,,25.3,20,4.4,,1.7,1,BRONZE AGE,-2150,-1600,Cherwell
807463,,,19.77,17.51,2.88,,0.86,1,NEOLITHIC,-3500,-1500,Malvern Hills
807122,,,24.9,17.3,3,,1.45,1,NEOLITHIC,-2700,-2350,West Lindsey
805249,,,29.2,20.05,3.97,,1.8,1,BRONZE AGE,-2350,-1600,Northampton
805222,oblique,,49,26,7,,6.94,1,NEOLITHIC,-2700,-2350,Rutland
803380,Barbed and tanged or reworked leaf shaped,,31.4,19.7,3.6,,1.7,1,NEOLITHIC,-4000,-1601,Huntingdonshire
800834,,,31.35,17.44,3.99,,1.6,1,BRONZE AGE,-2500,-1500,Bromley
799724,Leaf-shaped,,51.66,38.15,6.67,,14.91,1,NEOLITHIC,-4000,-3300,Suffolk Coastal
799188,,,34,16.8,4.7,,2.36,1,BRONZE AGE,-2350,-1600,North Lincolnshire
795890,,,23.1,20.8,3.5,,1.93,1,BRONZE AGE,-25000,-15000,Tonbridge and Malling
795652,,,37.37,18.27,4.46,,5.86,1,MEDIEVAL,1200,1500,Braintree
794896,,,30.53,16.54,3.24,,1.55,1,NEOLITHIC,-4000,-2300,South Hams
794190,,,21.5,10.42,2.93,,0.5,1,BRONZE AGE,-2350,-800,Richmondshire
793837,,,53,25,5.5,,5.4,1,BRONZE AGE,,,Bournemouth
791394,,,30.72,22.12,8.3,,1.55,1,NEOLITHIC,-3000,-2000,Mole Valley
791390,,,36.08,22.27,9.85,,3.45,1,NEOLITHIC,-2500,-2000,Mole Valley
791389,,,24.89,18.05,4.25,,1.48,1,BRONZE AGE,-2500,-1500,Mole Valley
790094,Triangular,,24,20,5.7,,2.11,1,BRONZE AGE,-2350,-1600,East Riding of Yorkshire
788447,,,29,17,4,,1.57,1,NEOLITHIC,-4000,-23351,Charnwood
787998,,,21.3,17.41,3.62,,1.55,1,NEOLITHIC,-4500,-1500,Woking
787673,,,49.8,13,,9,8.1,1,MEDIEVAL,1200,1270,West Oxfordshire
787044,,,20,16,1.2,,1.79,1,BRONZE AGE,-1275,-1140,Newark and Sherwood
786072,,,18.39,11.1,2.58,,0.4,1,BRONZE AGE,-2350,-800,Northumberland
786069,,,15.05,14.28,3.19,,0.6,1,BRONZE AGE,-2350,-800,Northumberland
785014,,,22.36,23.69,6.16,,1.93,1,BRONZE AGE,-2500,-1500,Wiltshire
784817,,,23.4,19.3,4.8,,2.05,1,NEOLITHIC,,,Tonbridge and Malling
783119,,,26,18,3,,,1,NEOLITHIC,-4000,-2351,South Norfolk
782690,,,37,27.4,9.3,,10.02,1,NEOLITHIC,-4000,-2351,Isle of Wight
781438,,,30.7,17,3.8,,2.1,1,NEOLITHIC,-4000,-2900,West Oxfordshire
781430,,,20.1,14.8,5,,1.2,1,BRONZE AGE,-2150,-1500,West Oxfordshire
780647,Triangular,,43.4,34,6.4,,8,1,NEOLITHIC,-3300,-1000,East Riding of Yorkshire
777724,Tanged,,30,,15,,,1,NEOLITHIC,-2000,-1500,North Kesteven
777716,,,107,,,,,1,UNKNOWN,,,South Kesteven
777238,,,43.3,27.6,9.1,,6.8,1,NEOLITHIC,-2700,-2350,West Oxfordshire
773841,,,22.7,16.5,3.9,,0.9,1,BRONZE AGE,-2000,-1500,Ryedale
773686,,,26.84,19.12,2,,2.54,1,BRONZE AGE,-1275,-1140,West Dorset
771478,,,56.3,36.8,8.1,,17.39,1,NEOLITHIC,-4000,-1600,St. Albans
769367,,,18,17,3,,0.94,1,BRONZE AGE,-2500,-800,Charnwood
767895,,,33.62,15.27,6.02,,2.99,1,NEOLITHIC,-4000,-2000,Reigate and Banstead
765947,,,47.95,23.77,5.86,,7.19,1,NEOLITHIC,-3000,-2200,Arun
762635,,,47.91,12.52,7.81,11.54,6.11,1,MEDIEVAL,,,City and County of the City of London
761121,,,69.8,48.3,4.1,12.1,17.3,1,MEDIEVAL,1100,1500,Winchester
757757,,,35.6,36.8,3.6,,4.5,1,NEOLITHIC,-3300,-1000,West Lindsey
757498,Oblique,,40,38,7,,6.58,1,NEOLITHIC,-3000,-2200,North Somerset
757142,,,60.3,31.5,11.2,,19.64,1,BRONZE AGE,-2350,-801,Isle of Wight
754308,,,30.2,17.5,3.5,,2.38,1,NEOLITHIC,-2500,-1500,South Lakeland
753613,,,,,,,,1,NEOLITHIC,,,Conwy
752762,,,124.24,18.06,5.4,,19.88,1,EARLY MEDIEVAL,,,City of Westminster
752526,,,48.09,19.51,4.16,,6.44,1,BRONZE AGE,-2150,-1500,Mid Suffolk
751865,,,43.45,15.66,,,7.58,1,MEDIEVAL,1200,1500,East Hertfordshire
750137,,,24.1,21.6,4.9,,1.9,1,BRONZE AGE,-2300,-1600,East Riding of Yorkshire
747392,,,29.28,24.21,2.96,,2.96,1,NEOLITHIC,-4000,-2000,South Oxfordshire
746953,Trangular,,29.6,18.6,3.4,,1.8,1,NEOLITHIC,-2700,-1600,Hambleton
746448,Oblique,,38.57,26.18,3.75,,3.19,1,NEOLITHIC,-2700,-2551,Babergh
744947,,,25,12,3,,1.01,1,NEOLITHIC,-3500,-2500,Melton
744411,,,29,16.7,3.6,,1.39,1,NEOLITHIC,-2500,-1500,Wiltshire
744225,,,21,17.8,4.4,,1.53,1,NEOLITHIC,-2500,-1500,East Devon
743876,,,24.22,18.36,4.45,,1.71,1,NEOLITHIC,-2700,-2551,Babergh
742218,,,,,,,,3,MEDIEVAL,1200,1450,West Berkshire
740095,,,38,15,10,,6.57,1,MEDIEVAL,1300,1500,Cotswold
738624,,,31.5,15,4.5,,,1,NEOLITHIC,-3000,-2351,North Norfolk
738332,,,60,13,9,,9.13,1,MEDIEVAL,1200,1500,Cotswold
738218,,,23.3,14.9,4.1,,2.4,1,UNKNOWN,43,1650,Stafford
737754,,,53.17,14.17,11.41,,13.58,1,MEDIEVAL,1241,1263,Southwark
736608,Barb and tanged arrowhead,,19.39,18.37,5.43,,1.26,1,BRONZE AGE,-2350,-801,East Riding of Yorkshire
736602,Barb and tanged arrowhead,,25.83,21.24,5.14,,1.67,1,BRONZE AGE,-2350,-801,East Riding of Yorkshire
736597,Barb and tanged arrowhead,,18.53,16.22,3.45,,0.8,1,BRONZE AGE,-2350,-801,East Riding of Yorkshire
735686,,,27.45,18.8,5.17,,2.15,1,BRONZE AGE,-2500,-1500,Reigate and Banstead
735504,,,56.82,23.73,3.3,,3.23,1,NEOLITHIC,-3000,-2000,Waverley
732290,,,46,11,8,,5.18,1,MEDIEVAL,1200,1500,South Kesteven
730756,,,60,20,8.5,,,1,MEDIEVAL,1200,1300,North Norfolk
730732,Oblique,,43,35,4.5,,8.9,1,NEOLITHIC,-3300,-2200,Lewes
728153,,,33.07,22.01,5.58,,3.35,1,BRONZE AGE,-2500,-1500,Mole Valley
725648,,,26.8,18.2,2.8,,1.73,1,NEOLITHIC,-4000,-1000,West Oxfordshire
725185,,,23.4,,,10,2.5,1,MEDIEVAL,1100,1450,West Oxfordshire
724992,,,19.3,16,3.5,,0.91,1,NEOLITHIC,-2500,-2350,East Lindsey
723794,,,26,10,7,,4.4,1,IRON AGE,-800,1000,Barrow-in-Furness
722745,,,47.4,13,2.5,,1.85,1,MEDIEVAL,1100,1400,Wiltshire
720799,,,29,16,1.5,,2.9,1,MEDIEVAL,-1600,1500,South Northamptonshire
719388,,,24.7,11.3,5.9,,3.91,1,BRONZE AGE,-1300,-800,Breckland
717965,,,60.2,28.2,,11.6,12.76,1,MEDIEVAL,1200,1400,Winchester
717536,Leaf-shaped,,33.86,16.86,4.15,,2.77,1,NEOLITHIC,-4000,-3501,Suffolk Coastal
716952,Leaf-shaped,,26,22,3,,1.74,1,NEOLITHIC,-2500,-1500,West Lindsey
716951,Leaf,,33,18,6,,4.04,1,NEOLITHIC,-2500,-1500,West Lindsey
716435,,,25.88,16.73,4.45,,1.46,1,BRONZE AGE,-2400,-1600,East Riding of Yorkshire
713169,,,47.32,19.15,6.35,,5.26,1,NEOLITHIC,-4000,-800,Babergh
711874,Oblique,,24.47,25.43,5.53,,3.9,1,NEOLITHIC,-3300,-2200,Malvern Hills
710134,Green's Sutton A,,27,,,,,1,NEOLITHIC,-2500,-1500,South Kesteven
709594,,,14.2,18.3,2.3,,0.32,1,UNKNOWN,-4000,-1000,Calderdale
709173,,,23.1,21,3.3,,1.4,1,NEOLITHIC,-2700,-2300,Scarborough
708356,,,68.86,16.47,9.58,,10.62,1,MEDIEVAL,1200,1400,Forest Heath
706582,,,55.87,17.72,,,10.75,1,MEDIEVAL,1066,1400,Hart
702674,,,28.6,17.3,4,,1.7,1,NEOLITHIC,-2400,-1500,Cornwall
702086,,,59.9,14.75,4.18,8.36,7.99,1,MEDIEVAL,1200,1400,City and County of the City of London
660136,,,41,22,4,,,1,NEOLITHIC,-3000,-2351,Broadland
656209,,,49,25,8.5,,,1,NEOLITHIC,-12000,-2351,North Norfolk
656168,,,55.31,15.42,7.45,,8.75,1,MEDIEVAL,1200,1400,City and County of the City of London
654801,Oblique,,24.4,15.8,3.9,,1.51,1,BRONZE AGE,-2700,-1600,West Lindsey
654374,,,26,18,4,,1.25,1,BRONZE AGE,-2700,-1600,Rushcliffe
650662,,,29,23,4.5,,1.8,1,NEOLITHIC,,,Powys
649216,Oblique,,39.72,19.91,4.76,,2.37,1,NEOLITHIC,-2700,-2551,Babergh
648391,,,24.47,21.98,6.08,,2.91,1,NEOLITHIC,-4000,-801,Babergh
647416,,,17.7,15.8,5.7,,,1,NEOLITHIC,-3500,-1150,North Somerset
646649,,,49,19,6.5,7.5,9.81,1,MEDIEVAL,1200,1300,South Lakeland
644504,,,23.14,13.91,3.23,,1.23,1,BRONZE AGE,-4000,-801,Waveney
643368,,,15.6,18,3.7,,,1,NEOLITHIC,-3500,-1150,North Somerset
640329,,,50.04,21.57,5.24,,5.92,1,NEOLITHIC,-4000,42,St. Edmundsbury
635883,,,34.1,31.54,5.05,,5.42,1,NEOLITHIC,-2000,-1600,Aylesbury Vale
634222,Oblique,,30.94,34.09,6.61,,6.4,1,NEOLITHIC,-2700,-2351,North Kesteven
634172,,,13.5,14.7,2.2,,0.33,1,UNKNOWN,-4000,-1000,Calderdale
632159,Hunting,,41.6,24.9,3.7,,5.52,1,MEDIEVAL,1350,1500,West Lindsey
631890,Bodkin,,67,7.2,5.5,,6.82,1,MEDIEVAL,1200,1350,West Lindsey
631885,Bodkin,,57,,7.5,10.8,9.29,1,MEDIEVAL,1200,1350,West Lindsey
630110,,,96.38,19.31,11.98,,12.9,1,POST MEDIEVAL,,,Isle of Anglesey
630059,,,78.27,14.61,4.7,,9,1,MEDIEVAL,,,Isle of Anglesey
626893,Oblique,,23.1,17.3,2.7,,1.13,1,NEOLITHIC,-3300,-2200,Selby
619953,Transverse,,33.82,31.35,5.75,,5.63,1,NEOLITHIC,-4000,-800,Babergh
616819,,,53.85,12.71,7.57,,6.44,1,IRON AGE,-800,100,Hart
615073,Oblique,,40,21.4,3.3,,2.6,1,NEOLITHIC,-3300,-2200,Kirklees
613879,,,61,,,,,1,MEDIEVAL,1300,1500,Uttlesford
613744,Oblique,,27,17.7,4.6,,2.32,1,NEOLITHIC,-2700,-2350,Cornwall
609744,,,38.29,10.11,7.1,,4.7,1,MEDIEVAL,1200,1350,East Riding of Yorkshire
609505,,,48,14,8,,7.15,1,MEDIEVAL,1000,1400,Cotswold
605978,,,21.2,10.9,6.2,,4.02,1,BRONZE AGE,-1300,-800,South Kesteven
605727,Oblique,,38.82,20.04,4.47,,3.91,1,NEOLITHIC,-2700,-1601,St. Edmundsbury
605628,Oblique,,33,16,6,,2.19,1,NEOLITHIC,-2500,-2100,Newark and Sherwood
605072,Oblique,,41.29,26.15,3.86,,2.4,1,NEOLITHIC,-2500,-2100,Cheshire West and Chester
595655,,,41.85,20.45,2.3,,5.03,1,BRONZE AGE,-1275,-1140,Wiltshire
595407,Barbed and tanged,,41.5,17.45,3.2,,5.46,1,BRONZE AGE,-1275,-1140,Wiltshire
592725,,,32.74,20.38,6.21,,3.49,1,NEOLITHIC,-2700,-1600,Suffolk Coastal
591618,,,31.96,16.63,3.69,,4.14,1,NEOLITHIC,-2500,-2000,Milton Keynes
589975,Jessop Type M1,,47.5,16.9,11.5,,11.3,1,MEDIEVAL,1350,1499,Arun
587256,,,35,38,5.5,,,1,NEOLITHIC,-4000,-3001,Breckland
586723,,,10.7,9.6,2.2,,0.4,1,NEOLITHIC,-4500,-1500,Cornwall
582668,Leaf/kite,,58.88,19.03,6.11,,6.54,1,NEOLITHIC,-4200,-2900,Isle of Wight
580060,,,20.46,16.09,4.37,,1.5,1,NEOLITHIC,-2500,-1500,West Berkshire
578921,,,32,22,3,,,1,NEOLITHIC,,,Mid Devon
578905,,,31,16,,,,1,NEOLITHIC,,,Mid Devon
577868,,,49.63,18.09,11.05,9.96,14.39,1,BRONZE AGE,-1600,-801,St. Edmundsbury
577796,Flint,,37,22.2,5.5,,5,1,NEOLITHIC,-2700,-1601,Bedford
574628,Tanged,,,18.58,6.62,,2.72,1,BRONZE AGE,-2700,-1601,Isle of Wight
573442,,,,,,,,1,NEOLITHIC,,,Breckland
572896,Oblique,,43.8,26,5.1,,4.95,1,NEOLITHIC,-2700,-2351,West Lindsey
571360,,,47.95,37.86,4.99,,5.95,1,NEOLITHIC,-2700,-2551,Forest Heath
570917,none,none,32.6,15.6,3.5,,2,1,NEOLITHIC,-2500,-2100,Cornwall
569506,Laurel Leaf,,33.96,26.91,8.41,,8.9,1,UNKNOWN,-3800,-3000,Richmondshire
568655,,,40.06,14.58,8.92,,14.7,1,MEDIEVAL,1200,1500,Northumberland
565681,Leaf,,30.1,27.8,4.8,,3.9,1,NEOLITHIC,-4000,-2701,Harrogate
564035,,,29.2,21.7,3.8,,2.2,1,NEOLITHIC,-2500,-2100,East Riding of Yorkshire
563854,,,40.8,17.4,2.8,,2.62,1,BRONZE AGE,-2150,-1500,Tonbridge and Malling
561033,,,32,20,4.5,,,1,NEOLITHIC,-4000,-3000,South Norfolk
557074,,,28.8,22.6,6,,4.3,1,NEOLITHIC,-3500,-2100,East Riding of Yorkshire
556867,,,17.8,8.9,3.5,,1.73,1,POST MEDIEVAL,1500,1600,West Lindsey
555395,,,42.45,7.2,3.85,,6.4,1,MEDIEVAL,1300,1500,Stafford
553422,,,29,28,6,,4.87,1,BRONZE AGE,-2500,-1800,South Gloucestershire
553124,,,36.59,9.96,,11.6,3.75,1,MEDIEVAL,1100,1500,Babergh
552003,,,32.9,21.4,7.6,,5.27,1,BRONZE AGE,-2500,-1500,Doncaster
552001,,,39.1,22.3,6.8,,5.39,1,BRONZE AGE,-2500,-1500,Doncaster
551997,,,49,23.5,6.65,,5.64,1,BRONZE AGE,-2500,-1500,Doncaster
546462,,,28,19,6,,2.8,1,NEOLITHIC,-2900,-2100,Northampton
544681,,,37.39,14.65,11,,6.65,1,MEDIEVAL,1300,1500,Tower Hamlets
541593,,,22.1,13.9,2.7,,1.03,1,NEOLITHIC,-4000,-1150,West Somerset
540341,Leaf,,14.42,15.94,,,0.9,1,NEOLITHIC,-3500,-2100,Malvern Hills
537890,,,28,20,4.12,,2,1,NEOLITHIC,-2500,-1500,Cornwall
537179,oblique,,37,14,,,,1,NEOLITHIC,,,Mid Devon
536522,Arrowhead,,69.16,30.36,14.97,,32.8,1,NEOLITHIC,-4000,-2100,South Oxfordshire
536080,,,38.01,22.9,5.35,,4.15,1,NEOLITHIC,-2500,-1500,East Riding of Yorkshire
536077,,,28.34,21.66,3.34,,1.58,1,BRONZE AGE,-2500,-1500,East Riding of Yorkshire
534526,,,33.76,19.02,4.91,,2.56,1,NEOLITHIC,-4500,2000,Mole Valley
530925,Oblique,British Oblique,49.22,18.11,5.81,,5.13,1,NEOLITHIC,-2500,-2100,Chichester
526896,Barbed and tanged,,22,20,4,,1.5,1,BRONZE AGE,-2150,-1500,West Oxfordshire
526463,,,42.39,22.51,7.47,,5.4,1,NEOLITHIC,-3500,-2500,Swindon
525208,,,34.83,19.38,4.83,,3.16,1,NEOLITHIC,-3000,-1000,St. Edmundsbury
522793,,,55.5,7.5,10,,11.33,1,BRONZE AGE,-1300,-800,Braintree
522443,,,28,18,3,2.2,,1,BRONZE AGE,-2150,-1500,Derbyshire Dales
521925,,,34.7,20.1,5.41,,3.45,1,NEOLITHIC,-2500,-1500,Winchester
521742,,,35.2,18.9,7.7,,4.27,1,NEOLITHIC,-2500,-1500,Barnet
519794,,,26,16,3.5,,1.02,1,BRONZE AGE,-2150,-1500,Cornwall
519670,,,50.2,28.7,7.6,,8.99,1,NEOLITHIC,-2500,-1500,East Lindsey
519140,,,32.7,18.1,5.7,,3.78,1,NEOLITHIC,-3500,-2500,Arun
518022,,,34.75,19.65,3.45,,3.23,1,NEOLITHIC,-3500,-2300,Stratford-on-Avon
518015,,,30.1,21.2,6.6,,3.11,1,BRONZE AGE,-2300,-1500,Stratford-on-Avon
517980,,,32.9,26.4,6.8,,5.17,1,NEOLITHIC,-3500,-1500,Stratford-on-Avon
516724,,,18.78,11.11,3.4,,0.67,1,NEOLITHIC,-3500,-2100,East Riding of Yorkshire
515922,,,32,24,5,,3.56,1,BRONZE AGE,,,Hinckley and Bosworth
515556,,,36,23,3,,2.97,1,BRONZE AGE,,,Kettering
515491,Arrowhead,,22.2,16.3,2.6,,0.92,1,NEOLITHIC,-2500,-2000,Tunbridge Wells
514931,Oblique,British,29.3,17.7,4.9,,1.84,1,NEOLITHIC,-2100,-1500,Shropshire
512429,,,46.89,22.14,5.87,,6.95,1,NEOLITHIC,-4500,-2000,East Lindsey
512335,,,18.5,13.3,3.2,,2.6,1,NEOLITHIC,-3500,-2500,Harrogate
512204,triangular,,20.84,22.67,2.23,,1.3,1,NEOLITHIC,-2900,-2100,West Lindsey
512031,,,38.01,19.73,4.14,,2.99,1,NEOLITHIC,-2500,-1500,Suffolk Coastal
510943,Oblique,,41.7,19.53,4.45,,3.73,1,NEOLITHIC,-2500,-2100,Isle of Wight
510460,,,24.87,17.89,,,1.3,1,NEOLITHIC,-3500,-2100,Richmondshire
510034,,,,,,,,1,NEOLITHIC,-2800,-2300,Ryedale
509215,,,,,,,,1,NEOLITHIC,-2500,-1500,West Oxfordshire
509126,,,,,,,,1,NEOLITHIC,-4500,-2200,West Oxfordshire
509004,Transverse arrowhead,,,,,,,1,NEOLITHIC,-2700,-2200,West Oxfordshire
508541,Leaf shaped,,23.2,17,3.1,,1.35,1,NEOLITHIC,-3500,-2100,East Riding of Yorkshire
508505,,,25.03,14.28,4.07,,1.3,1,BRONZE AGE,-2500,-700,West Oxfordshire
508493,,,34.92,21.65,,,3.3,8,NEOLITHIC,-2500,-1500,West Oxfordshire
508485,,,39.17,12.58,3.47,6.96,,1,MEDIEVAL,1066,1400,West Oxfordshire
508480,,,61.36,22.62,,8.78,12,1,MEDIEVAL,1066,1400,West Oxfordshire
507979,,,,,,,,8,NEOLITHIC,,,West Oxfordshire
507903,,,,,,,,7,NEOLITHIC,,,West Oxfordshire
507901,,,,,,,,6,NEOLITHIC,,,West Oxfordshire
507898,,,,,,,,3,NEOLITHIC,,,West Oxfordshire
507514,,,56.67,18.7,,8.16,7.1,1,MEDIEVAL,,,West Oxfordshire
506747,Barbed and tanged,,23,24,5,,,1,NEOLITHIC,-2500,-1500,West Lindsey
505584,,,24.9,16.2,5.3,,1.7,1,NEOLITHIC,-3500,-2100,Ryedale
505576,,,32.3,16.3,3.4,,1.7,1,NEOLITHIC,-3500,-2100,Hambleton
505201,,,30.77,14.54,3.99,,1.44,1,NEOLITHIC,-3500,-2100,Babergh
504486,,,39.57,32.2,5.41,,4.51,1,NEOLITHIC,-2500,-1500,Mid Suffolk
503323,barbed and tanged,,46.4,18.41,3.06,,3.95,1,BRONZE AGE,-2150,-800,West Lindsey
501990,,,26.24,19.05,2.58,,1,1,NEOLITHIC,2100,1500,North Kesteven
501939,,,14.7,8.9,2.6,,0.69,1,NEOLITHIC,-3500,-2100,North Lincolnshire
501916,Neolithic,,30.1,17,3.9,,1.89,1,NEOLITHIC,-3500,-2500,Rotherham
501854,,,14.24,13.99,2.1,,0.6,1,NEOLITHIC,-3500,-2500,Northumberland
501715,,,15,18.5,2,,0.48,1,NEOLITHIC,-2500,-1500,Eden
499530,,,22.78,16.73,3.89,,1.6,1,NEOLITHIC,-3500,-2100,Lichfield
499361,,,18.97,14.7,2.22,,0.7,1,NEOLITHIC,-3500,-1500,Lichfield
499341,,,32,26,5,,2.54,1,BRONZE AGE,-2100,-1500,Charnwood
495916,,,28.01,19.91,2.34,,1.8,1,NEOLITHIC,-4500,-700,Scarborough
495876,Leaf-shaped,,39,28,2.5,,2.43,1,NEOLITHIC,,,South Hams
495062,,,31.2,13.9,9.4,,7.27,1,UNKNOWN,-1150,1500,Milton Keynes
494718,,,49.58,17.59,5.93,,6.8,1,MEDIEVAL,1100,1500,Halton
494515,,,35.6,20.4,6,,4.1,1,BRONZE AGE,-2500,-1500,Doncaster
493287,,,28.9,18.8,5.5,,2.05,1,NEOLITHIC,-2500,-2100,Taunton Deane
492023,,,50.5,26.6,7.1,,8.82,1,NEOLITHIC,-3500,-2100,Arun
491297,British Oblique,,30.29,21.65,4.01,,2.5,1,NEOLITHIC,-3000,-2400,West Lindsey
491199,,,19.8,18.37,3.29,,1.3,1,NEOLITHIC,-3500,-2100,Northumberland
491195,,,18.79,13.82,0.8,,0.7,1,NEOLITHIC,-3500,-2100,Northumberland
489752,Transverse,,35.46,26.92,5.02,,3.2,1,NEOLITHIC,-3500,-2100,Swindon
488736,laurel leaf,,35.17,24.25,7.14,,7.1,1,NEOLITHIC,-3500,-1500,Bassetlaw
488649,,,48,22,6,,4.51,1,BRONZE AGE,-2150,-1500,Melton
487737,,,3,2.5,,,,1,BRONZE AGE,-2500,-1500,Daventry
487173,,,31.74,17.07,2.3,,3.9,1,BRONZE AGE,-1500,-800,Vale of White Horse
486936,Transverse,,35,19.7,5.8,,3.22,1,NEOLITHIC,-3500,-2100,North Lincolnshire
486434,,,40.96,32.57,8.05,,8.96,1,NEOLITHIC,-2500,-1500,Harrogate
486383,leaf shaped,,,,,,,2,NEOLITHIC,-3500,-1500,Harrogate
485307,,,31.9,17.4,3.7,,2.3,1,NEOLITHIC,-4500,-1500,Cornwall
484819,barbed and tanged arrowhead,,32,18,5,,2.28,1,BRONZE AGE,-2800,-1500,South Gloucestershire
484729,Leaf Shaped,,26.8,19.29,3.57,,2,1,NEOLITHIC,-3500,-2100,Newark and Sherwood
484353,,,24.5,16.8,4.3,,1.91,1,NEOLITHIC,-3500,-2900,Wakefield
484315,Triangular,,36,27,3,,,1,NEOLITHIC,-3500,-1500,East Lindsey
483689,Leaf Shaped,,17.71,19.68,3.95,,1.38,1,NEOLITHIC,-3500,-2100,Newark and Sherwood
483467,,,22.35,21.11,4.8,,1.63,1,BRONZE AGE,-2500,-1150,Wealden
483132,,,22.53,12.74,3.72,,0.85,1,NEOLITHIC,-4500,-2100,Cornwall
483107,,,21.5,18.5,5,,1.22,1,NEOLITHIC,-4500,-2100,Cornwall
482312,,,21.4,14.1,4.2,,1.27,1,NEOLITHIC,-2500,-2100,Cornwall
482308,,,25.2,15.3,3.2,,1.08,1,NEOLITHIC,-2500,-1500,Cornwall
481899,,,32.5,17.9,3.8,,1.4,1,NEOLITHIC,-2900,-2100,Cornwall
481625,,,21,16.5,3,,1.07,1,NEOLITHIC,-4500,-2100,Cornwall
481567,,,21.9,18.1,3.2,,1.25,1,NEOLITHIC,-4500,-2900,Cornwall
481467,,,38,25,9,,6.45,1,NEOLITHIC,-4500,-2100,Cornwall
481188,,,40.1,19.5,4.2,,4.18,1,NEOLITHIC,-4500,-3500,Sevenoaks
480886,,,36,25,4.6,,,1,NEOLITHIC,4000,3000,Breckland
480869,,,23.9,19.3,2.5,,1,1,NEOLITHIC,-3500,-2100,Hambleton
480320,,,22.2,20.2,3.5,,1.1,1,BRONZE AGE,-2000,-1000,Cornwall
480007,,,25.1,16.8,2.8,,0.95,1,NEOLITHIC,-4500,-2100,Cornwall
478988,,,24.37,15.11,4.42,,1.5,1,NEOLITHIC,-4500,-2100,Cornwall
478804,,,61,11,9,,13.04,1,MEDIEVAL,1200,1500,
477682,,,12.3,19.1,3,,0.7,1,NEOLITHIC,-4500,-2100,Cornwall
477501,Leaf Shaped,,26.6,20.1,4.7,,2.33,1,NEOLITHIC,-3500,-2100,North Lincolnshire
477216,,,12,10,2,,0.32,1,NEOLITHIC,-4500,-2100,Cornwall
476956,,,31,18,4,,2.13,1,NEOLITHIC,-2900,-2100,Cornwall
476254,Barbed and tanged,,,,,,,1,NEOLITHIC,-2500,-1500,South Kesteven
476001,,,28,16,4,,,1,NEOLITHIC,-3500,-1500,South Kesteven
475728,,,15.2,13.9,2.6,,0.65,1,NEOLITHIC,-4500,-2500,Cornwall
475472,Oblique,,17.1,13,2.6,,1.07,1,NEOLITHIC,-2500,-2100,Cornwall
475451,,,57.9,10.9,6.4,,9.6,1,MEDIEVAL,1400,1800,Hambleton
475326,,,18.6,21.8,4.7,,1.2,1,NEOLITHIC,-2500,-2100,Cornwall
475000,,,28,17,4,,2.08,1,NEOLITHIC,-4500,-2100,Cornwall
474948,,,24,17.5,4,,1.41,1,BRONZE AGE,-1500,-800,Wellingborough
474666,,,21,19,3,,1.2,1,NEOLITHIC,-4500,-2500,Cornwall
474585,Oblique,,25.36,13.33,3.28,,1.5,1,NEOLITHIC,-3300,-2200,Cornwall
474559,Barbed and tanged,,28,18.5,4,,1.5,1,BRONZE AGE,-2500,-1500,North Dorset
474558,Barbed and tanged,,19,15,4,,1,1,BRONZE AGE,-2500,-1500,North Dorset
474493,,,21.1,16.1,4.6,,2.39,1,NEOLITHIC,-2500,-2100,Cornwall
474491,Oblique,,23.1,17.2,2.4,,1.64,1,NEOLITHIC,-3300,-2200,Cornwall
474287,,,16.8,11.4,2.8,,0.5,1,BRONZE AGE,-3500,-2200,County of Herefordshire
473603,,,19,11.5,4,,1.64,1,NEOLITHIC,-4500,-2100,Cornwall
472377,,,16.3,11.1,1.9,,0.4,1,NEOLITHIC,-2500,-1500,Cornwall
472255,,,28.1,18.3,,,1.6,1,BRONZE AGE,-2500,-1500,Warwick
472107,Flint,,29.7,16.9,2.2,,1.3,1,NEOLITHIC,-3500,-2100,North Lincolnshire
472100,,,31.4,17.5,3.86,,1.94,1,NEOLITHIC,-3500,-2500,Rotherham
472024,,,20.05,11.85,4.49,,1.05,1,NEOLITHIC,-2500,-1500,Rotherham
471815,,,27.76,15,1.79,,1.25,1,NEOLITHIC,-4500,-2100,Cornwall
471811,Oblique,,27.2,15.5,3.25,,1.75,1,NEOLITHIC,-2500,-1500,Cornwall
471804,,,23.9,19.3,0.49,,2.35,1,NEOLITHIC,-4500,-2100,Cornwall
471766,Leaf shaped,,16.5,16,3,,1,1,NEOLITHIC,-3500,-2100,North Dorset
471762,Leaf shaped,,20,20,4,,1.5,1,NEOLITHIC,-3500,-2100,North Dorset
471393,Socketed,,45.9,13.2,7,,4.5,1,MEDIEVAL,1100,1499,Leeds
471126,,,20.9,18.9,2.8,,1.08,1,NEOLITHIC,-2500,-2100,Cornwall
471097,,,26.7,17.1,4.1,,1.57,1,NEOLITHIC,-2500,-2100,Cornwall
471043,Oblique,,32,13.5,5.1,,1.9,1,NEOLITHIC,-2500,-1500,Cornwall
470876,,,30,8,,,,1,MEDIEVAL,1300,1500,Lancaster
470776,,,26,33,5.5,,4.5,1,NEOLITHIC,-4500,-2100,Cornwall
470770,,,14,12,3,,0.62,1,NEOLITHIC,-4500,-2100,Cornwall
470727,,,55.1,34.45,12.38,,18.44,1,NEOLITHIC,-2500,-1500,Suffolk Coastal
470725,Oblique,,33.1,17.9,3.2,,2,1,NEOLITHIC,-2800,-1500,Cornwall
470115,,,41,26,6,,4.76,1,NEOLITHIC,-2500,-1500,Bedford
470044,Sutton bj,,36,22,3.5,,3,1,BRONZE AGE,-2150,-1150,South Northamptonshire
469747,Oblique,,34.64,14.61,4.49,,2.36,1,NEOLITHIC,-3300,-2200,Waverley
469020,,,37,24,3.6,,3.87,1,NEOLITHIC,-3500,-2100,Daventry
466965,Oblique,,40.89,20.36,3.57,,2.45,1,NEOLITHIC,-3300,-2200,Cornwall
466962,Oblique,,26,18,10,,1.31,1,NEOLITHIC,-3300,-2100,Cornwall
466930,,,19,23,3,,1.23,1,NEOLITHIC,-4500,-2100,Cornwall
466929,,,32,1,4,,2.07,1,NEOLITHIC,-4500,-2100,
466917,,,18,14,4,,1.05,1,NEOLITHIC,-4500,-2100,Cornwall
466691,Oblique,,28,17,3.5,,1.47,1,NEOLITHIC,-3300,-2200,Cornwall
466534,,,28,23.5,5,,2.32,1,NEOLITHIC,-2500,-1500,Cornwall
465168,Leaf-Shaped,,27.1,20.4,3.3,,2.07,1,NEOLITHIC,-3500,-2100,Chesterfield
465027,,,32.4,26.6,4.6,,3.54,1,NEOLITHIC,-2500,-2100,Cornwall
464858,Transverse,,34,25,2,,,1,NEOLITHIC,-3000,-1000,East Lindsey
464727,,,46.9,24.7,5.7,,6.9,1,NEOLITHIC,-2500,-1500,Cornwall
464692,,,20.5,18.2,5.2,,1.9,1,NEOLITHIC,-2500,-1500,Cornwall
464260,,,42,23,5.5,,8.2,1,BRONZE AGE,-2500,-1500,Kettering
463292,,,22.5,20.6,4.1,,1.5,1,BRONZE AGE,-2000,-1000,Cornwall
463280,,,26.5,19.6,4.1,,1.7,1,BRONZE AGE,-2000,-1000,Cornwall
462637,,,23,17.6,3,,1.41,1,NEOLITHIC,-4500,-2800,Cornwall
462272,,,27.8,26.5,7.9,,5.95,1,NEOLITHIC,-2500,-1500,Cornwall
462215,Barbed and Tanged,,23.4,17.1,,,1.14,1,BRONZE AGE,-2500,-1500,East Lindsey
461749,,,21.3,14.5,4,,1.02,1,NEOLITHIC,-3500,-2900,West Lindsey
461726,,,25.3,22.1,5,,3.07,1,NEOLITHIC,-2500,-2100,Rotherham
461714,Oblique,,31.6,20.8,6.7,,2.8,1,NEOLITHIC,-3300,-2100,Rotherham
461204,,,26.7,17.86,4.15,,1.73,1,NEOLITHIC,-3500,-2900,Doncaster
460821,Lithic Implement,,12.4515,11.25,4,,0.4,1,NEOLITHIC,-4500,-2100,Cornwall
460767,Tanged,Jessop type T3,42.14,11.25,7.79,,5.3,1,MEDIEVAL,1100,1200,Cheshire West and Chester
460619,,,22.8,15.3,4.1,,1.46,1,NEOLITHIC,-3500,-2900,Doncaster
458779,,,24.9,19.3,4.4,,1.5,1,BRONZE AGE,-2500,-1500,Wiltshire
457847,,,71.15,10.85,,,13.9,1,MEDIEVAL,1200,1450,Malvern Hills
457806,Oblique,,28.3,16.8,2.41,,1.2,1,NEOLITHIC,-3300,-2100,Chelmsford
457804,,,28.54,20.37,4.22,,1.7,1,BRONZE AGE,-2500,-1500,Great Yarmouth
456107,,,22.78,18.05,3.04,,1.26,1,NEOLITHIC,-3500,-2100,South Derbyshire
454250,,,40.53,32.17,8.72,,9.35,1,NEOLITHIC,-2500,-1500,Cornwall
454199,,,28.96,20.06,6.57,,3.2,1,NEOLITHIC,-2500,-1500,Cornwall
454188,,,25.3,18.7,4.36,,1.5,1,NEOLITHIC,-2500,-1500,
454187,,,28.7,18.9,3.36,,2.05,1,NEOLITHIC,-2500,-1500,Cornwall
454179,,,17.09,15.99,3.01,,0.95,1,NEOLITHIC,-2800,-1500,Cornwall
454145,,,23,18,5.3,,1.9,1,NEOLITHIC,-4500,-1500,Cornwall
453951,Hollow based,,38.6,31.8,7,,8.17,1,NEOLITHIC,-2500,-2100,Isle of Wight
453871,Transverse,,50.8,21.1,5,,3.65,1,NEOLITHIC,-3500,-2100,North Lincolnshire
453688,,,26.1,14.9,4.1,,1.64,1,NEOLITHIC,-3500,-2100,North Lincolnshire
453684,leaf-shaped,,32.2,15.4,4.8,,2.27,1,NEOLITHIC,-3500,-2100,North Lincolnshire
453126,,,23.6,20.1,6.4,,2.8,1,NEOLITHIC,-2800,-1500,Cornwall
453071,,,19.25,16.73,4.34,,1.3,1,BRONZE AGE,-2150,-1150,Cornwall
453048,Leaf-shaped,,24.2,17.7,2.8,,1.53,1,NEOLITHIC,-3500,-2500,Isle of Wight
452975,,,18.62,23.16,4.77,,1.87,1,BRONZE AGE,-2500,-1500,Surrey Heath
452974,,,22.78,23.71,3.88,,2.38,1,BRONZE AGE,-2500,-1500,Surrey Heath
452973,,,29.06,16.32,4.58,,1.46,1,BRONZE AGE,-2500,-1500,Surrey Heath
452358,,,25,23,5.5,,2.77,1,NEOLITHIC,-4500,-2100,Cornwall
452341,,,28.31,23.35,4.32,,2.7,1,NEOLITHIC,-4500,-2100,Cornwall
451575,,,35.14,24.75,5.74,,3.95,1,NEOLITHIC,-2500,-2500,Cornwall
451517,Barbed and Tanged,,31.22,25.12,4.69,,3,1,BRONZE AGE,-2150,-1500,East Riding of Yorkshire
451354,,,47.83,16.17,6.41,,6.25,1,BRONZE AGE,-1300,-800,Hambleton
451285,,,19.2,10.1,2.6,,0.65,1,NEOLITHIC,-4500,-2900,Cornwall
451104,Barbed and tanged,,18.5,20.8,3,,2.72,1,BRONZE AGE,-2500,-800,Eden
450285,,,,,,,,1,NEOLITHIC,-3500,-1500,Stroud
448959,,,18,13,4,,1.25,1,NEOLITHIC,-2500,-2100,Cornwall
448681,,,29,32,1.5,,9,1,NEOLITHIC,-2800,-2100,Cornwall
448583,,,46.1,18.1,5.3,,4.5,1,NEOLITHIC,-2500,-2000,the Vale of Glamorgan
448461,,,29,16.6,3.3,,1.57,1,NEOLITHIC,-3500,-2100,North Lincolnshire
448458,Leaf Shaped,,26,17.3,4.1,,1.81,1,NEOLITHIC,-3500,-2100,North Lincolnshire
447444,,,25,16,3.4,,1.7,1,NEOLITHIC,-3500,-1500,Cornwall
447413,,,23,30,5,,2.2,1,NEOLITHIC,-2500,-2000,Cornwall
447037,,,32.46,27.29,5.16,,4.63,1,NEOLITHIC,-2500,-1500,Cornwall
446967,,,23.38,24.18,3.95,,2.58,1,NEOLITHIC,-2800,-1500,Cornwall
446083,,,19,14,4,,0.9,1,NEOLITHIC,-4500,-2900,Cornwall
446070,,,30,17,4,,1.45,1,NEOLITHIC,-4500,-2900,Cornwall
445699,,,18.8,20.9,4,,1.7,1,NEOLITHIC,-2500,-2100,Cornwall
445397,,,24.5,19.5,,,12.3,1,BRONZE AGE,-2150,-1500,South Northamptonshire
445376,,,72.1,19.9,,,13,1,MEDIEVAL,1000,1400,Monmouthshire
444880,,,38,,14,,,1,MEDIEVAL,1100,1500,Sheffield
444786,,,26.5,29.4,5.6,,4.77,1,BRONZE AGE,-2500,-1150,Taunton Deane
444362,,,30,24,9,,,1,MEDIEVAL,1400,1700,East Lindsey
444330,,,33,6.5,0.1,,8.84,1,MEDIEVAL,1200,1500,Eden
443661,triangular,,26.71,18.39,2.92,,1.3,1,NEOLITHIC,-2900,-2100,Doncaster
443656,Oblique,,37.07,21.42,7.07,,3.54,1,NEOLITHIC,-2900,-2100,Doncaster
443405,Transverse,Chisel,31.9,35.1,6.9,,5.44,1,NEOLITHIC,-2500,-2100,Isle of Wight
442360,Leaf-shaped,,35.1,19.6,3.7,,2.02,1,NEOLITHIC,-3500,-2900,Isle of Wight
441758,,,39,21,5,,2.6,1,NEOLITHIC,-2900,-2100,Cornwall
440978,,,36,20,6,,3.02,1,BRONZE AGE,-1500,-800,Rutland
440608,,,48.24,12.8,9.55,,11.83,1,UNKNOWN,-2150,1950,Leeds
439470,,,28.35,14.41,5.32,,2.42,1,NEOLITHIC,-4500,-1500,Arun
439463,,,30.64,18.22,2.96,,2.37,1,NEOLITHIC,-4500,-1500,Arun
439460,,,27.15,14.39,3.36,,1.52,1,NEOLITHIC,-4500,-1500,Arun
438371,,,3.2,1.25,5,,1.5,1,NEOLITHIC,-3500,-2100,Solihull
437436,,,27.68,18.82,,,1.78,1,BRONZE AGE,-2000,-1500,Guildford
437432,,,25.61,16.85,,,1.42,1,NEOLITHIC,-6000,-2000,Guildford
437427,,,29.13,16.62,,,2.78,1,NEOLITHIC,-6000,-2000,Guildford
437425,,,,25.62,,,2.17,1,NEOLITHIC,-6000,-2000,Mole Valley
437424,,,43.98,21,6.26,,6.43,1,NEOLITHIC,-6000,-2000,Guildford
437422,,,35.63,36.34,8.95,,12.48,1,NEOLITHIC,-6000,-2000,Guildford
437359,,,33.04,22.15,3.3,,2.5,1,NEOLITHIC,-2900,-1500,Canterbury
437015,,,28.6,16.88,4.04,,1.54,1,BRONZE AGE,-2150,-1500,St. Edmundsbury
436946,Hollow based,,25.8,18.6,3.7,,1.67,1,NEOLITHIC,-2500,-2100,Isle of Wight
436854,,,18,17,,,,1,NEOLITHIC,-2150,-1500,North Kesteven
435946,,,30.95,16.91,6.25,,2.6,1,NEOLITHIC,-3500,-2800,Northumberland
435933,,,19.3,13.94,1.82,,0.6,1,NEOLITHIC,-3500,-2800,Northumberland
435443,Leaf-shaped,,19.06,15.24,3.76,,0.9,1,NEOLITHIC,-3500,-2900,Northumberland
433776,,,23.9,15.75,4.8,,1.76,1,NEOLITHIC,-4500,-1500,West Somerset
433270,leaf-shaped,,22.5,15.6,2.9,,1.15,1,NEOLITHIC,-3500,-2100,North Lincolnshire
433107,,,21.9,23.9,3.7,,1.84,1,NEOLITHIC,-3500,-1500,Taunton Deane
433101,,,39.29,21.44,,,,1,BRONZE AGE,-2000,-1500,Mole Valley
432888,,,22.3,23.9,5.9,,2.87,1,MESOLITHIC,-6500,-2900,Taunton Deane
431970,leaf shaped,,39,18.5,4,,,1,NEOLITHIC,-3500,-2100,Rugby
430452,leaf-shaped,,16.4,13.2,3.3,,0.62,1,NEOLITHIC,-3500,-2100,Bolsover
430450,barbed-and-tanged,,16.4,18.5,3.5,,0.83,1,NEOLITHIC,-2500,-1500,Bolsover
430449,leaf-shaped,,29.2,17.5,3.6,,1.73,1,NEOLITHIC,-3500,-2100,Bolsover
430446,barbed-and-tanged,,28,24,5.9,,2.83,1,NEOLITHIC,-2500,-1500,Bolsover
430440,transverse,British oblique,34.7,21.9,4,,2.56,1,NEOLITHIC,-3000,-2400,Bolsover
430436,leaf shaped,,34.7,16.3,4.8,,2.5,1,NEOLITHIC,-3500,-2100,Bolsover
429314,,,36.7,12.17,0.93,,3.2,1,UNKNOWN,,,Stafford
429091,,,28.72,26.25,4.53,,2.73,1,NEOLITHIC,-2500,-1500,Doncaster
427489,,,28.11,20.61,4.21,,2.15,1,NEOLITHIC,-2500,-2100,Wiltshire
426184,,,36,19.9,5,,3.14,1,NEOLITHIC,-2500,-2100,Harrogate
421313,,,41.75,,9.8,,5.6,1,MEDIEVAL,1200,1700,South Kesteven
420223,Flint arrowhead,,19.6,21.8,,,1.53,1,NEOLITHIC,4000,2000,East Riding of Yorkshire
419674,,,47.4,12.8,8,,6,1,ROMAN,200,410,Test Valley
418494,,,27,22,4,,1.8,1,NEOLITHIC,-3000,-1800,Blaby
418254,,,62.16,39,,14.65,15.2,1,MEDIEVAL,1000,1550,West Oxfordshire
417986,,,52.95,11,11,,15,1,BRONZE AGE,-2150,-800,Birmingham
417980,,,37.99,10.3,10.3,,7.7,1,BRONZE AGE,-2150,-800,Shropshire
417582,,,122,21,7,,18.61,1,EARLY MEDIEVAL,800,1000,Tewkesbury
417381,Transverse,,35.89,32.28,4.42,,4.1,1,NEOLITHIC,-2500,-2100,Wiltshire
417319,transverse,,27.1,22.9,4.8,,3.78,1,NEOLITHIC,-2500,-2100,Rotherham
415759,,,24.1,23.9,5.2,,3.2,1,NEOLITHIC,-3500,-2500,Lichfield
415736,,,39.3,20.8,4.9,,5,1,NEOLITHIC,-3500,-2100,Lichfield
412717,,,21,16,4,,1.02,1,BRONZE AGE,-2100,-800,Huntingdonshire
412217,,,19,14,4,,0.92,1,NEOLITHIC,,,Cornwall
411904,Spearpoint,,56.42,15.59,9.36,,6.3,1,MEDIEVAL,1100,1500,Dudley
411587,,,32,20,,,,1,NEOLITHIC,,,Cornwall
410395,chert,,30,15,10,,4.71,1,NEOLITHIC,-6500,-2900,Pendle
410382,,,30,20,5,,4.04,1,NEOLITHIC,-6500,-2900,Pendle
409694,,,22,21,,,1.7,1,NEOLITHIC,-3000,-2000,West Lindsey
409365,,,31,17,2.6,,1.6,1,NEOLITHIC,-4000,-2000,West Lindsey
409326,Leaf-shaped,,31,16,4,,1.9,1,NEOLITHIC,-3800,-2500,West Lindsey
409202,,,26.07,18.55,4.33,,2.5,1,NEOLITHIC,-4000,-2000,Waverley
409197,,,22.78,21.22,,,1.64,1,BRONZE AGE,-2000,-1500,Waverley
408424,Barbed and tanged,,59.94,14.07,1.73,,2.82,1,MEDIEVAL,1300,1500,Lambeth
408348,,,30.82,16.15,,,1.86,1,NEOLITHIC,-3500,-2000,South Oxfordshire
405447,,,62.78,17.09,5.85,,6.77,1,NEOLITHIC,-4000,-2000,Suffolk Coastal
404451,,,28.54,17.51,4.89,,2.26,1,NEOLITHIC,-2500,-2100,Mendip
404436,,,41.48,14.97,3.48,,2.05,1,NEOLITHIC,,,Bedford
404202,,,26,21,3.7,,1.71,1,NEOLITHIC,-2900,-2150,Cornwall
404092,oblique,,28.38,22.97,4.54,,2.13,1,NEOLITHIC,-2500,-2100,Mendip
404089,oblique,,31.96,21.74,5.56,,3.05,1,NEOLITHIC,-2500,-2100,Mendip
403518,Leaf shaped,,30.1,20.8,7.1,,4.3,1,NEOLITHIC,-3000,-2500,Telford and Wrekin
403378,,,57,,3.7,,12.5,1,NEOLITHIC,-2500,-2100,Wellingborough
402881,,,43.49,19.73,,,2.8,1,NEOLITHIC,-3500,-2500,Stratford-on-Avon
402776,,,38,18,10,,5.76,1,MEDIEVAL,1200,1500,South Gloucestershire
402402,,,57.07,8.36,4.81,,3.71,1,POST MEDIEVAL,1450,1700,Tower Hamlets
401943,,,28.58,20.72,4.28,,2.33,1,BRONZE AGE,-2000,-1500,Guildford
401941,,,23.21,17.96,4.28,,1.76,1,NEOLITHIC,-3000,-2000,Mole Valley
401936,,,28,15,1,8,3.75,1,MEDIEVAL,1066,1500,Wyre
401934,,,26.38,19.44,4.66,,2.55,1,NEOLITHIC,-3000,-2000,Mole Valley
401930,,,27.89,18.69,6.08,,3.17,1,NEOLITHIC,-3000,-2000,Mole Valley
401925,,,20.55,14.88,2.96,,0.92,1,NEOLITHIC,-3000,-2000,Mole Valley
401923,,,46.5,15,2,8.8,7.75,1,MEDIEVAL,1066,1500,Harrogate
401922,,,23.82,15.41,,,1.32,1,NEOLITHIC,-3000,-2000,Mole Valley
401919,,,30.66,14.42,,,2.15,1,NEOLITHIC,-3000,-2000,Mole Valley
401915,,,31.67,,,,2.44,1,NEOLITHIC,-3000,-2000,Mole Valley
401908,,,31.26,,4.39,,1.93,1,BRONZE AGE,-2000,-1500,Mole Valley
401904,,,38.23,15.39,4.29,,2.22,1,BRONZE AGE,-2000,-1500,Mole Valley
401887,,,39.76,23.77,5.15,,4.21,1,BRONZE AGE,-2000,-1500,Mole Valley
401884,,,21.24,,14.36,,1,1,NEOLITHIC,-3000,-2000,Mole Valley
401881,,,26.31,,3.28,,0.91,1,NEOLITHIC,-3000,-2000,Guildford
401719,,,35.54,23.45,5.72,,3.7,1,BRONZE AGE,-2000,-1500,Mole Valley
401713,,,21.9,18.69,3.8,,1.26,1,BRONZE AGE,-2000,-1500,Mole Valley
401707,,,38.73,33.93,,,12.62,1,NEOLITHIC,-2500,-2000,Mole Valley
401705,,,49.09,,,,4.13,1,NEOLITHIC,-2500,-2000,Mole Valley
400770,Leaf-shaped,,31.9,19.8,4,,1.93,1,NEOLITHIC,-3500,-2100,North Lincolnshire
400620,Chisel,,42.46,31.53,4.13,,4.06,1,NEOLITHIC,-2500,-2100,Mendip
400592,,,74.74,19.45,19.44,,13.64,1,MEDIEVAL,1100,1300,West Lindsey
399265,,,26.22,18.93,3.04,,1.89,1,NEOLITHIC,-2500,-2100,Mendip
398607,,,52.05,13.8,7.95,,6.76,1,MEDIEVAL,,,Vale of White Horse
396999,,,24.76,21.88,,,1.8,1,BRONZE AGE,-2500,-1500,Stratford-on-Avon
396818,,,121,25,7.5,,45.43,1,MEDIEVAL,1100,1500,South Lakeland
396200,,,22.15,17.74,3.87,,1.62,1,NEOLITHIC,-3500,-2100,St. Edmundsbury
395678,,,34.9,16.6,5.5,,2.23,1,BRONZE AGE,-2500,-1150,The City of Brighton and Hove
395502,,,17.31,12.67,2.55,,0.6,1,MESOLITHIC,-8300,-2500,County of Herefordshire
395086,,,33.56,20.11,6.54,,3.17,1,NEOLITHIC,-2500,-2000,Guildford
393825,,,35.79,25.51,7.58,,6.1,1,NEOLITHIC,-3500,-2100,Northumberland
393802,,,29.11,22.32,3.92,,2.2,1,NEOLITHIC,-3500,-2500,Northumberland
391989,,,52.57,24.31,10.26,,12,1,NEOLITHIC,-3500,-2100,East Lindsey
390995,,,65.5,,,,10.9,1,MEDIEVAL,1400,1600,Darlington
389979,Leaf-shaped,,36.3,18.6,4.8,,3.4,1,NEOLITHIC,-3500,-2500,Isle of Wight
389638,,,26.23,17.71,6.3,,3.05,1,NEOLITHIC,-3500,-1500,Medway
389528,,,28.5,18.5,4.9,,2,1,NEOLITHIC,-3500,-1150,Rother
388346,,,32.2,23.9,5.1,,2.79,1,NEOLITHIC,-2500,-2100,Isle of Wight
388109,Leaf Shaped,,20.35,17.36,4.03,,1.64,1,NEOLITHIC,-3500,-2100,North Lincolnshire
388028,,,22.6,16.97,4.45,,1.61,1,NEOLITHIC,-3500,-1500,Mendip
387812,Chisel shaped,,28.8,28.2,5.8,,4.91,1,NEOLITHIC,-2500,-1800,Mole Valley
387071,Leaf-shaped,,26.21,18.68,4.28,,1.97,1,NEOLITHIC,-3500,-2900,North Lincolnshire
384718,,,33.4,20.3,3.6,,3.1,1,NEOLITHIC,-2500,-1150,Tonbridge and Malling
383778,,,39.73,15.93,5.29,,2.18,1,NEOLITHIC,,,Huntingdonshire
291382,,,62.77,19.33,4.39,,18.02,1,MEDIEVAL,1066,1450,South Oxfordshire
291177,,,23.93,17.98,3.5,,1.2,1,NEOLITHIC,-2500,-1500,Suffolk Coastal
291133,,,22,15,4,,1.21,1,NEOLITHIC,-2900,-2100,Warwick
290591,,,36.03,20,13.91,,2.7,1,NEOLITHIC,-4000,-3200,Mendip
288093,leaf shaped,,22.22,14.84,3.27,,0.82,1,NEOLITHIC,-3500,-2900,Rotherham
288060,leaf shaped,,32.43,18.67,3.22,,1.63,1,NEOLITHIC,-3500,-2900,Rotherham
287809,,,27.63,19.27,4.85,,2.5,1,NEOLITHIC,-3500,-2900,Rugby
287798,,,17.2,23.36,2.5,,1.3,1,NEOLITHIC,-3500,-2900,Rugby
287776,,,16.09,16.36,2.31,,0.6,1,NEOLITHIC,-3500,-1500,Rugby
287731,Tanged,,22.67,17.37,4.91,,1.9,1,BRONZE AGE,-2150,-1500,West Somerset
286322,,,17.7,13.6,3.3,,0.76,1,NEOLITHIC,-3500,-2900,Selby
284778,,,38.03,15.5,5.8,,3.2,1,NEOLITHIC,-3500,-2900,South Staffordshire
284666,Leaf-shaped,,26.8,18,3.7,,1.7,1,NEOLITHIC,-3500,-2150,East Riding of Yorkshire
284626,transverse,,28.5,29.9,3.46,,2.49,1,NEOLITHIC,-2500,-2100,Craven
283102,,,36.52,20.55,21.2,,,1,NEOLITHIC,-3500,-2100,Calderdale
283078,,,30.76,16.93,16.72,,,1,NEOLITHIC,-2500,-2100,Calderdale
283067,,,21.55,32.23,5.52,,,1,NEOLITHIC,-3500,-2100,Calderdale
282998,,,23.05,14.5,3.93,,,1,NEOLITHIC,-3500,-2100,Calderdale
282964,,,41.5,17.64,3.72,,,1,NEOLITHIC,-3500,-2100,Calderdale
282954,,,48.57,24.86,6.3,,,1,NEOLITHIC,-3500,-2100,Calderdale
282950,,,35.88,35.91,5.28,,,1,NEOLITHIC,-2500,-2100,Calderdale
282946,,,35.87,24.86,6.3,,,1,NEOLITHIC,-2500,-2100,Calderdale
282850,,,22.8,16.1,3.5,,1.12,1,NEOLITHIC,-3500,-2900,York
276637,Bullet-headed,,39.15,11.08,,11.08,5.37,1,MEDIEVAL,1066,1500,Wiltshire
275553,Leaf shaped,,34.9,21.3,3.7,,2.91,1,NEOLITHIC,-3500,-2900,Aylesbury Vale
275286,Leaf-shaped,"Type 4B/C (Green 1980, figs 28-29)",41.88,19.82,4.14,,,1,NEOLITHIC,-3500,-2500,North Lincolnshire
275273,,,32.1,18.6,4.9,,2.14,1,NEOLITHIC,-3500,-2900,Doncaster
275180,,,45.6,26.2,6.1,,5.98,1,NEOLITHIC,-3500,-2100,Isle of Wight
274703,leaf-shaped,,21.72,15.69,2.52,,,1,NEOLITHIC,-3500,-2900,West Lindsey
274444,,,28.14,20.5,5.1,,2.9,1,NEOLITHIC,-2500,-2100,County of Herefordshire
273754,,,27.3,12.75,5.82,,3.8,1,EARLY MEDIEVAL,850,1400,South Cambridgeshire
271179,Barbed and tanged,,26.5,21.4,3.8,,2.27,1,NEOLITHIC,-2500,-1500,Isle of Wight
270890,,,30.26,18.5,3.63,,2.53,1,NEOLITHIC,-2500,-2100,Selby
270450,,,33.17,24.5,3.54,,3.3,1,NEOLITHIC,-2500,-1500,Hambleton
270399,,,44.45,14.5,8.86,,8.51,1,MEDIEVAL,1400,1500,Southwark
270222,,,22.65,14.47,2.61,,0.9,1,NEOLITHIC,-3500,-1500,Flintshire
269249,,,23,23,,,1.19,1,BRONZE AGE,-2300,-600,Eden
269242,shale,,30,17,4,,2.26,1,MESOLITHIC,-6500,-2900,Pendle
268992,,,29,20.2,,,,1,MESOLITHIC,-6500,-2900,Bassetlaw
268345,,,30.85,22.32,7.24,,3.8,1,NEOLITHIC,-3500,-2900,Selby
268343,,,33.53,24.95,8.27,,8.1,1,NEOLITHIC,-3500,-2900,Selby
267938,,,23.92,12.69,2.82,,0.9,1,NEOLITHIC,4000,3500,West Oxfordshire
267937,,,23.95,13.62,3.48,,1.1,1,NEOLITHIC,4000,3500,West Oxfordshire
265738,,,28.22,29.51,4.9,,4.05,1,NEOLITHIC,-2500,-2100,Taunton Deane
264922,,,30.4,19.4,4.6,,2.36,1,NEOLITHIC,-2500,-1150,Lewes
264904,,,44.27,17.46,,,9.49,1,MEDIEVAL,1200,1400,St. Edmundsbury
263938,,,43,23,5,,6.7,1,NEOLITHIC,-3500,-1500,North West Leicestershire
262747,,,23.3,21.9,4,,1.64,1,NEOLITHIC,-2500,-1150,Horsham
262745,,,23.3,21.9,4,,1.64,1,NEOLITHIC,-2500,-1150,Horsham
262512,,,,,,,2.97,2,BRONZE AGE,-2500,-1150,Horsham
258381,,Barbed and Tanged,55.54,25.5,3.42,,10.03,1,BRONZE AGE,-2100,-1500,East Cambridgeshire
257372,,,28.2,21.7,4,,2.63,1,NEOLITHIC,-3000,-2200,Stratford-on-Avon
256582,,,54.9,46.1,4.4,,9.04,1,NEOLITHIC,-2500,-2100,Ryedale
253231,,,31,18.8,3.5,,2.15,1,NEOLITHIC,-3500,-2900,Rother
252831,,,24.63,17.37,5.51,,2.18,1,NEOLITHIC,-3500,-2100,Mendip
252811,,,47.62,24.79,4.37,,3.65,1,NEOLITHIC,-3500,-2100,Mendip
252803,,,16.82,13.59,2.19,,0.38,1,NEOLITHIC,-3500,-1500,Mendip
252797,,,33.36,17.75,5.51,,2.97,1,NEOLITHIC,-3500,-2100,Mendip
251929,,,28.88,23.31,4.99,,2.97,1,NEOLITHIC,-2500,-2100,South Somerset
250631,,,21.4,14.9,4.1,,0.9,1,BRONZE AGE,-2150,-800,East Riding of Yorkshire
248464,,,23.7,18.9,3.4,,1.2,1,BRONZE AGE,-2150,-800,East Riding of Yorkshire
246605,Leaf shaped,,35.05,17.99,3.84,,2.27,1,NEOLITHIC,-3500,-2100,Ryedale
246417,leaf shaped,,32.6,20.96,4.71,,3.06,1,NEOLITHIC,-3500,-2500,Rotherham
246415,Petit Tranchet,,18.71,22.88,2.66,,1.69,1,NEOLITHIC,-2500,-2100,Rotherham
246311,leaf shaped,,18.34,19.03,2.52,,1.06,1,NEOLITHIC,-3500,-2900,Rotherham
246305,hollow based,,31.27,20.67,3.89,,2.54,1,NEOLITHIC,-2500,-2100,Rotherham
246233,,,41,12.69,11.59,,5.6,1,MEDIEVAL,1300,1500,Wycombe
246140,,,88.25,,10.9,,15.29,1,MEDIEVAL,1250,1350,Winchester
243257,,,18.67,48.01,4.57,,10,1,BRONZE AGE,-2150,800,Cheshire East
240542,Leaf Shaped,,38.4,19.6,4.4,,3.35,1,NEOLITHIC,-3500,-2100,North Lincolnshire
240370,,,35.52,20.33,4.79,,3.49,1,NEOLITHIC,-3500,-2900,Wealden
239666,,,,,,,,1,NEOLITHIC,-4000,-3001,King's Lynn and West Norfolk
237734,,,,,,,,1,NEOLITHIC,-2500,-2100,Breckland
237460,Leaf-shaped,,33,25,6,,,1,NEOLITHIC,-4500,-2900,Cornwall
236071,Leaf-shaped,,35.45,16.13,4.22,,2.54,1,NEOLITHIC,-3500,-2100,Colchester
235696,,,92.5,57.9,11.6,,36.59,1,MEDIEVAL,1200,1300,Lewes
234428,Barbed and Tanged,,25.9,17.3,5.5,,2.07,1,BRONZE AGE,-2150,-800,Hambleton
234297,,,29.17,14.18,3.39,,,1,NEOLITHIC,,,Stratford-on-Avon
233574,Leaf Shaped,,24.2,18.6,3.5,,1.41,1,NEOLITHIC,-3500,-2100,Hambleton
233283,Barbed and Tanged,,45.26,25.04,5.11,4.58,2.78,1,BRONZE AGE,-2150,-1500,Huntingdonshire
231949,Leaf-shaped,,39.8,19.23,,,5.5,1,NEOLITHIC,,,Vale of White Horse
231880,Jessop MP3,,53.6,16.43,,,11.12,1,MEDIEVAL,1066,1500,Vale of White Horse
231382,,,32.2,16.9,3.8,,1.91,1,NEOLITHIC,-3500,-2100,Bassetlaw
230959,,,31.33,19.92,8.33,,4.7,1,NEOLITHIC,,,County Durham
230887,Barbed and tanged,,23.9,17.7,3.7,,1.16,1,NEOLITHIC,-2300,-1500,Shropshire
228860,Chisel,,43.7,25.6,7.5,,7.8,1,NEOLITHIC,-2500,-2100,Mendip
228493,,,33.4,19.9,3.2,,1.9,1,NEOLITHIC,-3500,-2100,Harrogate
228427,,,48.73,28.16,12.49,,14,1,NEOLITHIC,-3500,-2900,East Riding of Yorkshire
227821,,,41,18,4,,,1,NEOLITHIC,-2500,-1500,King's Lynn and West Norfolk
227321,,,73,,,,21,1,,,,East Northamptonshire
227088,,,29.51,24.46,4.17,,2.5,1,BRONZE AGE,-2150,-1500,South Lakeland
227074,Leaf,,40,17,15.5,,3.35,1,NEOLITHIC,-3500,-2900,Wiltshire
226511,,,41.4,19.2,6.5,,4.8,1,NEOLITHIC,-3500,-2100,Ryedale
225668,,,31.6,21.1,5.8,,3.68,1,NEOLITHIC,-2500,-1500,Rotherham
225658,,,23.9,17.5,4.5,,1.86,1,NEOLITHIC,-2500,-1500,Rotherham
225646,,,21.9,20.6,5.7,,2.3,1,NEOLITHIC,-3500,-2100,Rotherham
225352,,,27.8,17.6,4,,,1,NEOLITHIC,,,Denbighshire
223982,,,30.6,13.27,3.26,,1.3,1,NEOLITHIC,,,County Durham
223141,,,30.6,15.4,4.1,,1.7,1,NEOLITHIC,-3500,-2150,East Riding of Yorkshire
222803,Barbed and Tanged,,26,16.6,4.2,,1.4,1,BRONZE AGE,-2150,-1500,South Somerset
220926,Leaf Shaped,,33,18,4,,3.06,1,NEOLITHIC,,,East Devon
220737,Tanged,,24.8,16.1,2.9,,1.1,1,BRONZE AGE,-2150,-1500,Newark and Sherwood
220582,Barbed and Tanged,,26,12.9,3.2,,1.68,1,NEOLITHIC,-2500,-1500,North Lincolnshire
219700,Leaf-shaped,,39,106,,,5.3,1,NEOLITHIC,-3500,,Northampton
219257,Transverse,,30.3,17.9,5.8,,2.47,1,NEOLITHIC,-2500,-2100,Rotherham
219239,Transverse,,36.7,32.3,4.3,,4.35,1,NEOLITHIC,-2500,-2100,Bassetlaw
218838,,,42.8,27.8,8.1,,8.08,1,NEOLITHIC,-3500,-2900,Leeds
218836,,,32.7,15.1,3.7,,1.68,1,NEOLITHIC,-3500,-2900,Leeds
217785,,,35,18,,,3.2,1,NEOLITHIC,-2400,-1500,Wirral
217784,,,34,21,,,2.8,1,NEOLITHIC,2400,1500,Wirral
217204,Barbed and Tanged,,38,21,,,,1,NEOLITHIC,-2500,-1500,East Lindsey
216852,,,75.4,17.1,10.5,,21.19,1,MEDIEVAL,1066,1500,Doncaster
216174,,,28.38,12.99,,,1.3,1,NEOLITHIC,-3500,-2900,Malvern Hills
215822,oblique,transverse,31.4,14.7,4.5,,1.85,1,NEOLITHIC,-3500,-2100,North East Derbyshire
215407,,,57,18.2,9.3,,10.97,1,MEDIEVAL,1066,1500,Selby
215022,,,35.8,12.2,10.2,,4.61,1,MEDIEVAL,1066,1500,Doncaster
214610,Barbed and tanged,,36.6,22.4,4.6,,2.75,1,BRONZE AGE,-2150,-1150,Wealden
214043,Chisel,,29.6,19,4.4,,2.3,1,NEOLITHIC,-3500,-2150,South Somerset
213763,,,26.9,15.5,3.7,,1.2,1,MESOLITHIC,-6500,-2900,Eastbourne
213723,leaf-shaped,,30,17.3,2.8,,1.22,1,NEOLITHIC,-3500,-2500,Newark and Sherwood
213394,Barbed and Tanged,,50.3,26.2,5.7,,5.3,1,BRONZE AGE,-2150,-1500,Bath and North East Somerset
213346,barbed and tanged,,,,4,,,1,BRONZE AGE,-2300,-1700,Broadland
213102,,,32.8,17.6,9.8,,4.4,1,NEOLITHIC,-2500,-2100,Rotherham
213090,,,34.2,21.6,6.5,,5,1,NEOLITHIC,-2500,-2100,Rotherham
212964,Leaf shaped,,40,25,2.5,,,1,NEOLITHIC,-4000,-2000,North Kesteven
212669,,,45.1,20.5,5.7,,4.7,1,NEOLITHIC,-3500,-2500,West Lindsey
212082,,,79.7,30.7,,11.7,20.08,1,MEDIEVAL,1066,1400,Stratford-on-Avon
212075,,,50.5,14.6,,,6.32,1,MEDIEVAL,1066,1400,Stratford-on-Avon
211953,,,24.99,19.75,3.88,,1.4,1,NEOLITHIC,-2150,-1500,York
211952,,,31.04,18.07,3.55,,1.48,1,NEOLITHIC,-2150,-1500,York
211338,,,,,,,,1,BRONZE AGE,-2500,-1400,Forest Heath
211266,,,32.5,23.4,5.8,,5.6,1,NEOLITHIC,-3500,-2100,South Northamptonshire
210926,,,31,16,7,,,1,NEOLITHIC,-3500,-2100,Rutland
210337,,,58.9,38.9,9.9,,23.93,1,NEOLITHIC,-3500,-2100,Isle of Wight
209055,Oblique,,30,20.2,4.4,,2.65,1,NEOLITHIC,-2500,-1500,Newark and Sherwood
209049,,,30.2,18,4,,1.74,1,NEOLITHIC,-2500,-1500,Newark and Sherwood
206836,,,20.3,16.5,4.8,,6.8,1,BRONZE AGE,-2150,-800,Hambleton
206045,Barbed and tanged,,27.21,25.7,8.16,,3.87,1,NEOLITHIC,-2500,-2100,Bedford
205315,Leaf Shaped,,47.7,17.9,7.3,,5.07,1,NEOLITHIC,-3000,-2500,Malvern Hills
205314,Leaf Shaped,,40,21.2,4.8,,3.8,1,NEOLITHIC,-3000,-2500,County of Herefordshire
205275,Barbed and tanged,,39.23,30.52,5.09,,4.1,1,BRONZE AGE,-2000,-800,County Durham
204368,,,30.7,17,4.1,,2.3,1,NEOLITHIC,-2500,-1500,Rotherham
203810,,,18.6,18.8,4.1,,1.1,1,BRONZE AGE,-2150,-800,Selby
203301,,,,,,,,1,MODERN,,,Suffolk Coastal
203298,,,,,,,,1,NEOLITHIC,-2500,-2100,St. Edmundsbury
203142,,,41.4,20.5,7.2,,4.9,1,NEOLITHIC,-3500,-2100,East Lindsey
202606,,,40.42,12.63,5.85,,,1,MEDIEVAL,,,Harrogate
202104,,,,,,,,1,NEOLITHIC,-3500,-2100,Waveney
201591,Barbed and Tanged,,30.3,15.7,4.5,,1.69,1,NEOLITHIC,-2500,-1500,North Lincolnshire
201097,Chisel,,27.8,26.4,7.1,,4.6,1,NEOLITHIC,-2500,-1500,South Somerset
199891,,,44.6,23.5,10,,9.5,1,MEDIEVAL,1225,1500,Wiltshire
199204,,,100.3,7.6,6.7,5.1,16.69,1,MEDIEVAL,1250,1499,
194908,Barbed and Tanged,,26,18.5,,,,1,BRONZE AGE,-2150,-1500,Bath and North East Somerset
192743,petit tranchet derivative,,36.9,32.3,7.2,,7.78,1,NEOLITHIC,-2500,-2100,Wiltshire
192731,,,39.5,23.3,4.9,,4.32,1,NEOLITHIC,-3500,-2900,Wiltshire
192204,,,42,,,11,7.11,1,MEDIEVAL,1100,1500,Wiltshire
191022,,,24.2,12,4.5,,1.37,1,NEOLITHIC,-2500,-2100,Oldham
190899,,,40.8,28.6,5.5,,6.11,1,NEOLITHIC,-2500,-1500,Wiltshire
190612,,,25.3,25.6,6.5,,3,1,NEOLITHIC,-3500,-1500,Mendip
189235,Leaf-shaped,,29.51,21.3,9.94,,5.3,1,NEOLITHIC,-3500,-1150,Malvern Hills
189025,,,35,28,8,,,1,BRONZE AGE,-2150,-800,Northampton
187590,,,56,47,6,,,1,NEOLITHIC,-2500,-1500,Eden
186281,,,31.7,19.3,4.7,,2.4,1,NEOLITHIC,-3500,-2500,Doncaster
186162,Leaf shaped,,33.07,27.02,6.78,,4.52,1,NEOLITHIC,-3500,-2900,Colchester
185793,,,24.64,25.73,,,1.73,1,BRONZE AGE,-2150,1900,Forest Heath
185772,Leaf-shaped,,17.64,9.89,3.99,,0.55,1,NEOLITHIC,-2500,-2100,Vale of White Horse
185757,Barbed and tanged,,18.9,16.9,3.3,,1,1,NEOLITHIC,-2500,-2100,Vale of White Horse
185205,,,34.2,20.7,4.2,,2.6,1,BRONZE AGE,-2150,-1500,South Somerset
185204,,,27.3,21.3,3.9,,1.6,1,BRONZE AGE,-2150,-1500,Taunton Deane
184834,Barbed and Tanged,,23.4,19.3,3.9,,1.21,1,NEOLITHIC,-2500,-1500,North Lincolnshire
184818,,,15.9,9.8,2.7,,0.45,1,MESOLITHIC,-8300,-2100,North Lincolnshire
184809,Barbed and Tanged,,19.6,18.1,4.1,,1.05,1,NEOLITHIC,-2500,-1500,North Lincolnshire
184800,Tranchet,,24.2,18.9,3.4,,1.28,1,NEOLITHIC,-3500,-2100,North Lincolnshire
184795,Leaf shaped,,33.6,17.9,4.4,,2.33,1,NEOLITHIC,-3500,-2100,North Lincolnshire
184793,Barbed and Tanged,,24.6,19.2,3.6,,1.04,1,NEOLITHIC,-2500,-1500,North Lincolnshire
184792,leaf shaped,,25,13.3,,,0.72,1,NEOLITHIC,-3500,-2100,North Lincolnshire
184790,,,24.6,19.2,3.6,,1.04,1,NEOLITHIC,-2500,-1500,North Lincolnshire
184784,Leaf shaped,,24.9,18.1,4.2,,2.32,1,NEOLITHIC,-3500,-2100,North Lincolnshire
184587,Barbed and Tanged,,28.6,17.3,4.3,,1.55,1,NEOLITHIC,-2500,-1500,North Lincolnshire
184586,Barbed and Tanged,,18.4,15.7,3.5,,0.87,1,NEOLITHIC,-2500,-1500,North Lincolnshire
184563,Barbed and Tanged,,37.5,30.6,6.8,,5.19,1,NEOLITHIC,-2500,-1500,North Lincolnshire
184550,,,32,15.9,4.7,,1.95,1,NEOLITHIC,-3500,-2100,North Lincolnshire
184545,Leaf shaped,,26.5,14.8,1.8,,0.96,1,NEOLITHIC,-3500,-2100,North Lincolnshire
184543,Barbed and Tanged,,22.2,20.5,3.3,,1.12,1,NEOLITHIC,-2500,-1500,North Lincolnshire
183913,,,37.3,26.35,7.08,,6.3,1,NEOLITHIC,-2500,-1500,Stratford-on-Avon
183887,Leaf shaped,,40,18,2,,,1,NEOLITHIC,-3500,-2900,North Kesteven
183654,leaf shaped,,24.4,16.7,6.8,,2.9,1,NEOLITHIC,-3500,-2900,Rotherham
183511,Leaf shaped,,,,,,,1,NEOLITHIC,-4500,-2100,Maidstone
183505,,,36.8,27,5.7,,5.21,1,NEOLITHIC,-2500,-1500,Isle of Wight
183380,,,24.28,24.04,4.75,,2.27,1,BRONZE AGE,-2500,-1500,Reigate and Banstead
182945,,,35.7,20.7,3.8,,2.61,1,,-3500,-2100,Isle of Wight
182571,,,33.5,33.2,5.8,,5.56,1,NEOLITHIC,,,Bassetlaw
181288,Leaf-shaped,,,,,,,1,NEOLITHIC,4000,2500,Cheshire West and Chester
181248,,,68,30,12,,15.91,1,MEDIEVAL,1200,1400,Tewkesbury
181203,Barbed and Tanged,,27.9,26.5,4.9,,2.68,1,NEOLITHIC,-2500,-1500,North Lincolnshire
180226,,,85,37,9,,18,1,BRONZE AGE,-2150,-1500,Suffolk Coastal
180027,flint,transverse,35.93,17.64,3.32,,2.39,1,NEOLITHIC,,,Bassetlaw
180020,flint,leaf-shaped,44.16,26.71,4.37,,4.34,1,NEOLITHIC,,,West Lindsey
179662,,,30.8,22.1,8.5,,6.21,1,NEOLITHIC,-3500,-800,Wiltshire
179240,transverse,oblique,32.7,20.16,4.04,,1.89,1,NEOLITHIC,3000,2000,Derbyshire Dales
179174,,,55.2,11,2,4.5,6.1,1,MEDIEVAL,,,Wirral
178868,,,27.3,25.3,4.9,,2.95,1,NEOLITHIC,-2500,-1500,North Lincolnshire
178177,,,26,24,6,,3.12,1,BRONZE AGE,-2150,-800,Hinckley and Bosworth
177209,,,32.7,19.9,5.1,,2.6,1,BRONZE AGE,-2150,-800,Rother
176821,,,25.4,23.3,6.2,,3.65,1,NEOLITHIC,-4000,-3300,Cornwall
162005,,,31.8,25.2,3.3,,2.51,1,BRONZE AGE,-2150,-1500,Isle of Wight
161975,,,22.58,15.68,,,1.33,1,NEOLITHIC,-2500,-1500,Rugby
161903,Transverse,,35,29,2.5,,,1,NEOLITHIC,-4000,-1800,North Kesteven
161902,,,29,18,2.8,,,1,NEOLITHIC,-2500,-1500,North Kesteven
161295,Barbed and Tanged,,33,22,5.5,,2.66,1,BRONZE AGE,-2150,-1150,North Lincolnshire
161197,,,30,19,4,,2.71,1,NEOLITHIC,-3500,-2100,Harborough
160700,,,38.2,22.3,3.6,,2.88,1,NEOLITHIC,-2800,-2100,Selby
159320,,,44.07,28.51,8.92,,,1,BRONZE AGE,-2150,-1500,
157913,,,27,25,,,,1,NEOLITHIC,-3200,1500,South Cambridgeshire
157304,,,34.5,28.5,5.5,,7.6,1,NEOLITHIC,-3500,-2150,South Kesteven
156793,,,22.7,19.3,3.2,,1.27,1,BRONZE AGE,-2150,-1500,Wiltshire
156473,oblique,,27,18.75,5.4,,1.97,1,NEOLITHIC,-2000,-1500,North East Derbyshire
156041,,,52.9,17.2,9.4,,8.2,1,MEDIEVAL,1066,1500,Leeds
154925,Tanged and barbed,,30,24,4,,,1,BRONZE AGE,-2150,-1500,East Devon
154905,,,31,24,4,,,1,NEOLITHIC,-4000,-2351,East Devon
154892,,,28,14,3,,,1,NEOLITHIC,-4000,-2351,East Devon
154620,Bodkin head,,52.2,9.1,7.4,,10.82,1,MEDIEVAL,1200,1400,Hertsmere
154427,,,50,20,,,,1,MEDIEVAL,1200,1400,Aylesbury Vale
153361,,,,,,,,1,MEDIEVAL,,,East Lindsey
153289,,,,,,,,1,NEOLITHIC,,,East Lindsey
153009,,,22.9,18.4,5.3,,2.09,1,NEOLITHIC,-2500,-1500,Cornwall
152797,,,23,19,3.1,,1.2,1,BRONZE AGE,,,Hambleton
152682,Barbed and Tanged,,29.9,22.9,3.7,,1.66,1,NEOLITHIC,-2500,-1150,North Lincolnshire
151625,,,22.4,15.83,4.89,,1.2,1,BRONZE AGE,,,East Riding of Yorkshire
148494,,,,,,,,1,NEOLITHIC,-2300,-1700,Breckland
148129,,,27,19,4,,1.8,1,NEOLITHIC,,,Hambleton
148042,,,23.13,15.8,3.35,,1.16,1,BRONZE AGE,-2150,-800,Chichester
146672,,,45,29,6,,,1,NEOLITHIC,-3500,-2100,Suffolk Coastal
146635,,,37,21.5,4.5,,,1,NEOLITHIC,,,Swansea
145562,,,49,18,,31,14.59,1,MEDIEVAL,1066,1800,Broadland
145554,,,49,21,,,21.65,1,MEDIEVAL,1066,1800,Broadland
145177,Flint,,41,18,,,,1,NEOLITHIC,-4,-2,Tendring
144802,,,32.18,17.41,,,2.1,1,NEOLITHIC,-3500,-2900,Rugby
144305,,,29.41,18.32,4.37,,1.76,1,NEOLITHIC,-2500,-1500,Vale of White Horse
142368,,,29.5,16,,,1.85,1,NEOLITHIC,-3500,-2900,Vale of White Horse
142095,,barbed and tanged,24.4,20.3,4.6,,1.48,1,BRONZE AGE,-2500,-2100,West Dorset
141603,,,26.2,15.4,2.9,,0.89,1,NEOLITHIC,-3500,-2900,Isle of Wight
140824,,,68,17,9,,14.46,1,MEDIEVAL,1200,1500,Stroud
140814,,,48,16,7,,5.27,1,EARLY MEDIEVAL,800,1300,Stroud
140712,,,35,15,5,,2.6,1,NEOLITHIC,-4000,-2200,Lichfield
140002,,,28.08,16.83,,,1.74,1,NEOLITHIC,-3500,-2900,Rugby
139211,,,26.79,18.55,,,1.4,1,NEOLITHIC,,,Northumberland
138758,,,42.15,14.62,7.46,,5.76,1,MEDIEVAL,1100,1500,
138748,,,61.33,33.09,10.77,,,1,BRONZE AGE,-2100,-1800,
138515,,,25.73,24.48,,,2.61,1,NEOLITHIC,-2500,-2100,Stratford-on-Avon
137384,Transverse,,32.3,18.9,,,2.03,1,NEOLITHIC,-2500,-2100,North Lincolnshire
137216,Tanged,,42,28,2,,7.67,1,BRONZE AGE,-2150,-800,Rugby
135572,,,41,15,3,,2.68,1,NEOLITHIC,-3500,-2100,Mid Suffolk
135555,,,34,13,5,,2.73,1,NEOLITHIC,-3500,-2100,Mid Suffolk
135131,,,30,28,4,,2.3,1,BRONZE AGE,-2150,-800,Charnwood
134873,,,28.9,17.9,7.44,,2.9,1,NEOLITHIC,-3500,-2100,Kirklees
134870,,,26.97,17.8,2.6,,1.19,1,NEOLITHIC,-3500,-2500,Kirklees
134869,,,47.4,24.13,3.4,,3.38,1,NEOLITHIC,-3500,-2500,Kirklees
134766,Leaf,,52,23.9,,,4.81,1,NEOLITHIC,-3500,-2100,North Lincolnshire
134054,Leaf Shaped,,28.3,19.3,4.9,,2.06,1,NEOLITHIC,-2900,-2150,Shropshire
134010,,,22,22,4,,1.55,1,BRONZE AGE,-2150,-800,Hinckley and Bosworth
133795,,,18.74,12.35,4.38,,0.64,1,NEOLITHIC,-2150,-1500,South Northamptonshire
133794,,,38.72,20.79,5.03,,3.19,1,NEOLITHIC,-2500,-2100,South Northamptonshire
133793,,,28.69,21.51,4.43,,1.55,1,BRONZE AGE,-2150,-1500,South Northamptonshire
133645,,,35.2,31.4,,,4.47,1,NEOLITHIC,-2500,-2100,North Lincolnshire
133638,,,56,18,,8,,1,MEDIEVAL,1200,1499,East Lindsey
133500,,,46,30,5,,6.79,1,NEOLITHIC,-2500,-2100,Wiltshire
133167,,,23.33,19.52,3.25,,1.6,1,NEOLITHIC,-3500,-1500,Malvern Hills
133152,,,20.5,17.65,4.84,,1.6,1,NEOLITHIC,-3500,-1500,Malvern Hills
131480,Barbed and Tanged,,21.26,17.28,4.55,,1.34,1,BRONZE AGE,-2500,-2100,North Dorset
131189,,,47.3,27.3,5.6,,8.73,1,NEOLITHIC,-3500,-2100,North Lincolnshire
130181,,,25.8,25.5,8.7,,4.24,1,NEOLITHIC,-2500,-2100,West Lindsey
129188,,,35.5,17,5.5,,2,1,BRONZE AGE,,,Isle of Anglesey
128756,,,32,39,,,,1,NEOLITHIC,-2500,-2100,East Cambridgeshire
128544,,,36,26,5.5,,6.7,1,MEDIEVAL,1250,,West Berkshire
128537,,,48,35,6.9,,13.3,1,MEDIEVAL,1250,,West Berkshire
128091,Barbed and Tanged,,21.5,19.3,5.4,,1.54,1,NEOLITHIC,-2300,-1500,Shropshire
128064,,,35,27,,,2.7,1,NEOLITHIC,-3500,-1500,Stratford-on-Avon
127724,Leaf Shaped,,30.2,17.4,4.1,,2.28,1,NEOLITHIC,-2900,-2150,Shropshire
127721,Leaf Shaped,,39.2,15.1,4.6,,2.43,1,NEOLITHIC,-2900,-2150,Shropshire
127690,,,18.2,22,3.3,,1.1,1,NEOLITHIC,-4500,-2000,East Northamptonshire
126944,,,,,,,,1,NEOLITHIC,-3500,-2100,Babergh
126688,,,28.5,20.8,5.1,,2.7,1,NEOLITHIC,,,Harrogate
125236,,,51.7,13.1,4.9,,4.5,1,MEDIEVAL,,,Harrogate
124195,,,30,17,5,,,1,BRONZE AGE,-2150,-1500,Blackburn with Darwen
124111,Leaf-shaped,Green type 2b,28,16,3.3,,1.57,1,NEOLITHIC,-4500,-3000,Isle of Wight
123387,,,,,,,,1,BRONZE AGE,-2150,-1500,Suffolk Coastal
123232,,,,,,,7.27,1,NEOLITHIC,-2500,-2100,Babergh
122533,Socketed,,43,,,,,1,MEDIEVAL,1066,1499,South Kesteven
121872,,,27.5,19,4,,,1,BRONZE AGE,-2150,-800,Daventry
121568,,,,,,,,1,NEOLITHIC,-2300,-1700,South Norfolk
120081,Tutulus,,24,24,3,,,1,NEOLITHIC,-4000,-2500,North Kesteven
119046,Transverse,,37,32,5,,,1,NEOLITHIC,-4000,-2500,North Kesteven
119023,,,20.36,12.27,3.87,,1.11,1,NEOLITHIC,-3500,-1500,Sedgemoor
118701,Oblique,,30.3,22.7,,,2.31,1,NEOLITHIC,-3500,-2100,North Lincolnshire
118561,,,22,17,,,0.7,1,BRONZE AGE,-2000,-1500,East Hampshire
117664,broadhead,,86,30,9,,,1,MEDIEVAL,1250,,South Northamptonshire
117420,Barbed and tanged,,20.05,14.83,3.58,,0.83,1,BRONZE AGE,-2500,-1500,Taunton Deane
117404,Leaf-shaped,,21.04,15.66,4.24,,1.23,1,NEOLITHIC,-3500,-2900,Taunton Deane
116668,Barbed and tanged,,23.1,15,3.8,,1.16,1,BRONZE AGE,-2150,-1500,Central Bedfordshire
116474,,,77,20,1,11,,1,MEDIEVAL,1200,1499,East Lindsey
116353,,,92,,4,,6.1,1,MEDIEVAL,1200,1300,City and County of the City of London
114970,Forked Head,,60,45.6,,,17.85,1,MEDIEVAL,1066,1500,Wiltshire
114966,Broadhead,,75.8,44.9,,,23.26,1,MEDIEVAL,1066,1500,Wiltshire
114859,Leaf-Shaped,,24.53,15.71,,,1.7,1,NEOLITHIC,-3500,-2900,Worcester
113854,,,34,7,,,2.67,1,IRON AGE,800,100,Charnwood
113289,,,63.67,19.1,,,8.58,1,MEDIEVAL,1200,1500,Forest Heath
112893,,,64.8,17.9,6.79,,,1,MEDIEVAL,1150,1400,Milton Keynes
112682,,,27,13,4.5,,1.41,1,NEOLITHIC,-3000,-700,Swindon
112660,Barbed and tanged,,20.5,18.5,3.5,,1.02,1,BRONZE AGE,-2500,-700,Swindon
112656,Barbed and tanged,,30,27,5,,3.11,1,BRONZE AGE,-2500,-700,Swindon
112409,,,20,23,2.5,,1.59,1,NEOLITHIC,-3500,-2100,Swindon
112404,,,26,22,4.5,,2.5,1,NEOLITHIC,-3500,-2900,Swindon
112382,,,24,15,3.5,,1.63,1,NEOLITHIC,-3500,-2900,Swindon
112378,,,18,12,2.5,,0.66,1,NEOLITHIC,-3500,-2900,Swindon
112344,Oblique,,37,28,5,,5.01,1,NEOLITHIC,-3500,-2100,Swindon
112337,Oblique,,40,27,5,,4.81,1,NEOLITHIC,-3500,-2100,Swindon
111291,leaf shaped,,33,12.5,3,,1.71,1,NEOLITHIC,-3500,-2900,Swindon
111281,barbed and tanged,,25,20,3,,1.56,1,NEOLITHIC,-2500,-1500,Swindon
110947,,,46.69,19.54,3.9,,4.08,1,NEOLITHIC,-5500,-2900,Cherwell
110875,,,22,16,4,,1.09,1,BRONZE AGE,-2150,-1500,South Lakeland
110768,,,,,,,,1,NEOLITHIC,-2500,-1500,North Norfolk
110767,,,,,,,,1,BRONZE AGE,-2150,-1500,North Norfolk
110763,,,,,,,,1,NEOLITHIC,-3500,-2100,North Norfolk
110762,,,,,,,,1,BRONZE AGE,-2150,-1500,North Norfolk
110761,,,,,,,,1,NEOLITHIC,-3500,-2100,North Norfolk
110759,,,30,17,,,1.8,1,NEOLITHIC,-3500,-2100,North Norfolk
110623,,,29,23,4,,2.94,1,NEOLITHIC,,,Babergh
110610,Broadhead,Jessop H3,50.1,41.2,3.7,12.5,18,1,MEDIEVAL,1250,,East Northamptonshire
110078,,,39,27,5.5,,7.98,1,NEOLITHIC,-4500,-2000,Wiltshire
109620,Barb and Tanged,,25.1,13.7,3.5,,1.11,1,NEOLITHIC,-2500,-1500,North Lincolnshire
108789,Barbed and Tanged,,19.8,13.8,3.2,,0.83,1,NEOLITHIC,-2500,-1500,North Lincolnshire
108783,Leaf-shaped,,36.3,23.9,5.2,,5.05,1,NEOLITHIC,-3500,-2100,North Lincolnshire
106844,,,48,24,5,,5.49,1,NEOLITHIC,-2500,-2100,Blaby
106547,,,39,11,,6,4.76,1,BRONZE AGE,-2150,-800,Charnwood
106469,,,29.25,19.18,4.04,,1.71,1,NEOLITHIC,-2500,-1500,West Oxfordshire
106443,Leaf-shaped,Green type 2b,34,18,3.2,,1.91,1,NEOLITHIC,-4500,-3000,Isle of Wight
106370,,,56.72,30.17,8.85,10.14,13.26,1,MEDIEVAL,1000,1300,Basingstoke and Deane
105822,,,35.5,22,,,4.34,1,NEOLITHIC,-3500,-2100,Hinckley and Bosworth
105453,,,,,,,,1,NEOLITHIC,-2500,-1500,West Oxfordshire
104979,,,33,21,5,,2.8,1,BRONZE AGE,-2150,-800,Melton
103495,,,36,19,5,,2.61,1,NEOLITHIC,-3000,-2000,Guildford
103075,,,,,,,,1,NEOLITHIC,-2500,-1500,Forest Heath
103074,,,,,,,,1,NEOLITHIC,-2500,-1500,Forest Heath
103070,,,,,,,,2,NEOLITHIC,-2500,-1500,Forest Heath
103068,,,,,,,,1,NEOLITHIC,-2500,-1500,Forest Heath
102310,barbed and tanged,,27,19,5.7,,2.06,1,NEOLITHIC,-2700,-1700,Cornwall
102265,Barb and Tanged,,22.88,24.14,,,2.7,1,NEOLITHIC,-2500,-1500,Stratford-on-Avon
101492,,,21.7,19.2,4.2,,1.34,1,BRONZE AGE,-2000,-1500,East Hampshire
100853,,,52,16,,,,1,NEOLITHIC,-3500,-2100,St. Edmundsbury
100292,,,34,24,5,,3.77,1,NEOLITHIC,-3500,-2100,Melton
100220,Leaf-Shaped,,28.92,14.6,5.04,,2.3,1,NEOLITHIC,-4500,-2200,Stratford-on-Avon
100091,barbed,,22,19,4,,,1,BRONZE AGE,-2150,-1500,Stroud
100001,,,47,15.5,3.9,,6.52,1,BRONZE AGE,-2150,-800,Forest Heath
99708,,,27,19,6,,2.35,1,BRONZE AGE,-2150,-1500,Charnwood
99476,,,33.82,24.5,6.79,,4.64,1,NEOLITHIC,,,Winchester
99375,,,22.6,13.4,3.55,,0.78,1,NEOLITHIC,-3500,-2100,Leeds
99367,Transverse,,32.6,18.3,4.08,,1.95,1,NEOLITHIC,-2500,-2100,Selby
99355,Leaf shaped,,23.15,14.66,3.4,,0.94,1,NEOLITHIC,-3500,-2900,Leeds
99346,Triangular,,19,17.9,3.3,,0.99,1,NEOLITHIC,-3500,-2500,Leeds
99345,Leaf shaped,,32.22,17.66,3.03,,1.54,1,NEOLITHIC,-3500,-2500,Leeds
99324,Triangular,,21.6,15,2.7,,0.75,1,NEOLITHIC,-2500,-1500,Leeds
99315,,,28.9,16.9,5.2,,2.49,1,NEOLITHIC,-3500,-2100,Selby
99313,,,35.2,17.4,3.6,,2.83,1,NEOLITHIC,-3500,-2100,Selby
99312,Transverse,,38.7,19.7,3.6,,2.55,1,NEOLITHIC,-3500,-2100,Selby
99310,,,28.3,21.6,4.4,,2.73,1,NEOLITHIC,-3500,-2100,Leeds
99307,,,40.38,26.8,6.13,,5.1,1,NEOLITHIC,-3500,-2100,Leeds
99294,,,34.12,18.98,5.04,,2.54,1,NEOLITHIC,-3500,-2100,Selby
99292,Triangular,,23.6,17.9,3.8,,1.43,1,NEOLITHIC,-3500,-2100,Leeds
99288,Leaf shaped,,31.5,17.2,5.85,,2.91,1,NEOLITHIC,-3500,-2100,Leeds
98724,,,22,14,5,,1.21,1,NEOLITHIC,-3500,-800,Wiltshire
98723,,,31,18,4.5,,2.43,1,NEOLITHIC,-2500,-2100,Wiltshire
98722,,,39,32,6,,5.31,1,NEOLITHIC,-3500,-2100,Wiltshire
98695,,,57.3,11.41,6.85,,,1,MEDIEVAL,1066,1500,Gravesham
98685,,,44,22,,,19.35,1,IRON AGE,-600,1000,Ribble Valley
97583,Military,,29,,25,,,1,MEDIEVAL,1200,1500,Central Bedfordshire
96747,Leaf Shaped,,37.3,16.9,5.3,,2.71,1,NEOLITHIC,-2900,-2150,County of Herefordshire
95909,,,22.3,19.4,3.4,,1.28,1,BRONZE AGE,-2500,-1400,Dudley
95752,Barbed and tanged arrowhead,,,,,,,1,BRONZE AGE,-2150,-1500,King's Lynn and West Norfolk
95527,Medieval Catalogue Type 2,,101.32,35.05,6.21,,,1,MEDIEVAL,1100,1300,Aylesbury Vale
95515,,,33,19,5,,,1,NEOLITHIC,-2600,-1900,Carlisle
95514,,,27,23,3,,1.5,1,BRONZE AGE,-1950,-1800,South Northamptonshire
94747,tanged,,25,12,24,,1.18,1,NEOLITHIC,-3500,-2100,Wiltshire
94744,leaf-shaped,,38,24,6.5,,5.96,1,NEOLITHIC,-3500,-2100,Wiltshire
94326,,,50,15,,,5.87,1,MEDIEVAL,1200,1500,Epsom and Ewell
93902,,,49.66,12.36,4.49,,4.09,1,MEDIEVAL,,,High Peak
93769,Barbed and tanged,Sutton,28,18.7,5.3,,2.4,1,BRONZE AGE,2500,1500,Daventry
92928,,,53.5,34.5,8.5,,18.17,1,NEOLITHIC,-4500,-2000,Wiltshire
91237,Leaf-shaped,,,,,,,2,NEOLITHIC,-3500,-2100,Monmouthshire
91172,,,33.61,11.07,5.9,,,1,BRONZE AGE,-1150,-800,Bassetlaw
90902,,,37,22,4,,2.54,1,BRONZE AGE,-2000,-1500,Elmbridge
90571,,,37.5,19.5,,,,1,NEOLITHIC,-3500,-2100,Forest Heath
89181,,,24.83,,4.12,,1.4,1,BRONZE AGE,,,East Riding of Yorkshire
88891,Transverse,,36.14,22.62,4.23,,2.78,1,NEOLITHIC,-3500,-2900,Calderdale
88717,Leafshaped,,15.2,15.3,2.7,,0.9,1,NEOLITHIC,4500,2000,East Northamptonshire
88493,,,27,20,,,1.58,1,BRONZE AGE,-2000,-1500,Waverley
88492,,,22,25,,,1.94,1,BRONZE AGE,-2000,,Guildford
87617,,,,,,,,1,NEOLITHIC,,,Hinckley and Bosworth
87613,,,21.96,,,,,1,MEDIEVAL,1066,1300,Uttlesford
87577,,,,,,,,16,NEOLITHIC,,,Forest of Dean
87075,,,69.6,19.16,3.12,,10.8,1,MEDIEVAL,1066,1400,East Hertfordshire
86563,,,,,,,,2,NEOLITHIC,,,Forest of Dean
86561,,,,,,,,3,NEOLITHIC,,,Forest of Dean
85616,,,28.4,17.2,3.5,,1.55,1,NEOLITHIC,,,East Riding of Yorkshire
83420,,,41,28,6,,6.1,1,NEOLITHIC,-4500,-2000,Isle of Wight
82696,,,25.6,8.3,3.7,,0.54,1,BRONZE AGE,,,High Peak
82286,,,69,14,6,,14,1,MEDIEVAL,1500,1600,
81123,,,31.9,20.3,5.4,,2.38,1,NEOLITHIC,-3500,-2100,Wyre Forest
80732,,,35,26,,,,1,NEOLITHIC,-3500,-2100,Kirklees
80680,,,24,20,,,1.62,1,BRONZE AGE,,,Reigate and Banstead
80278,,,27.5,18,,,2.25,1,NEOLITHIC,,,Waverley
80224,,,15,16,,,0.73,1,NEOLITHIC,,,North Devon
80220,,,20,15,,,0.78,1,BRONZE AGE,,,North Devon
79013,,,58,10.1,,,15.32,1,MEDIEVAL,1200,1500,Staffordshire Moorlands
78464,,,70,10.5,,,5.8,1,MEDIEVAL,1100,1200,City and County of the City of London
78436,,,24,14,,,0.8,1,NEOLITHIC,,,
78397,,,37.4,18,,,2.29,1,NEOLITHIC,-3500,-2100,Mid Suffolk
77861,,,,,,,,1,BRONZE AGE,,,Warrington
77650,,,30,21,4,,,1,NEOLITHIC,-2500,-2100,Rotherham
75506,,,51.4,15.8,10.3,,16.05,1,BRONZE AGE,-1800,-700,Lichfield
75377,,,27,23,4.2,,2.44,1,NEOLITHIC,-4500,-2000,Isle of Wight
75256,,,32,32,,,3.48,1,NEOLITHIC,-2000,,Woking
73485,,,32,15.1,,,2.25,1,NEOLITHIC,-2900,-2500,Stratford-on-Avon
72994,,,18,15,,,,1,NEOLITHIC,,,Northumberland
72735,leaf-shaped,,30.18,16.03,5.2,,2.21,1,NEOLITHIC,-4500,-3500,South Derbyshire
72637,,,20,20,,,,1,NEOLITHIC,,,Northumberland
72288,Barbed and tanged,,39.76,19.82,2.56,,5.1,1,BRONZE AGE,-1275,-1140,Uttlesford
71782,,,48.12,24.02,8.86,,9.84,1,NEOLITHIC,-2200,-750,South Cambridgeshire
70924,,,36,21,,,3.4,1,NEOLITHIC,-2500,-1500,Forest Heath
70501,leaf shaped,,42.8,18.1,3.5,,2.72,1,NEOLITHIC,-2900,2150,County of Herefordshire
70442,,,31.7,21.6,5.4,,3.23,1,NEOLITHIC,-3500,-2100,Wychavon
69389,leaf-shaped,,28.1,15.1,3.4,,1.92,1,NEOLITHIC,,,Cornwall
68120,,,72,19.5,9,,14.8,1,MEDIEVAL,1000,1500,Staffordshire Moorlands
68037,Leaf-Shaped,,23,15.3,4.2,,1.66,1,NEOLITHIC,-3500,-2900,
68034,,,30.5,17,3.5,,1.65,1,BRONZE AGE,,,South Derbyshire
68004,,,25,20,3.5,,,1,NEOLITHIC,,,Forest of Dean
67958,,,,,,,,1,BRONZE AGE,-2150,-1500,Mid Suffolk
67955,,,22,19,,,,1,BRONZE AGE,-2150,-1500,Mid Suffolk
67918,,,34,13,,,7.03,1,BRONZE AGE,-1500,-800,Mid Suffolk
67762,,,93,27,,,,1,MEDIEVAL,1401,1600,Wiltshire
66277,,,23,16,,,,1,NEOLITHIC,-3500,-2100,Rutland
66264,,,42,23,,,,1,BRONZE AGE,-2150,-1500,Rutland
65470,,,23,25,4,,1.46,1,BRONZE AGE,,,Suffolk Coastal
65287,Tanged,,20.8,14.5,,,1.17,1,BRONZE AGE,-2150,-1500,Stratford-on-Avon
65284,Hollow Base,,37.6,18.6,,,3.03,1,BRONZE AGE,-2150,-1500,Malvern Hills
65241,leaf-shaped,,21,14.5,2.3,,,1,NEOLITHIC,,,Forest of Dean
64358,barbed and tanged,,26.3,17.28,4.55,,1.4,1,BRONZE AGE,,,South Derbyshire
62409,Barbed and tanged,,21.7,17.6,4.2,,1.7,1,BRONZE AGE,-2300,-1500,Pembrokeshire
61371,Leaf shaped,,42,24,1.5,,,1,NEOLITHIC,-2500,-2150,Newark and Sherwood
61370,,,21,23,2,,,1,NEOLITHIC,-2500,-2150,Newark and Sherwood
61369,,,22,17,4,,,1,NEOLITHIC,-2500,-2150,Newark and Sherwood
58920,,,50,24,,,,1,NEOLITHIC,-2500,-1500,North Kesteven
58919,Transverse,,40,23,,,,1,NEOLITHIC,-2500,-1500,North Kesteven
58750,,,26.69,21.9,,,,1,NEOLITHIC,-2500,-2150,Northumberland
58345,,,,,,,,1,NEOLITHIC,-3500,-2900,North Norfolk
57624,,,19.7,17.8,3.4,,1.03,1,BRONZE AGE,,,Isle of Wight
56673,,,35.5,16.5,8,,4.86,1,MEDIEVAL,1400,1499,Isle of Wight
56631,,,53.4,26.3,7.71,,12.7,1,NEOLITHIC,-3500,-2900,Richmondshire
56037,Leaf-shaped,,37.3,22.5,5.4,,4.6,1,NEOLITHIC,,,Cardiff
56035,Barbed and tanged,,16.7,16.1,3.2,,0.8,1,BRONZE AGE,-2500,-1500,Newport
55176,Transverse,,31.6,31.5,5.7,,6.38,1,NEOLITHIC,,,South Kesteven
54396,,,31,18.5,3.1,,2.1,1,NEOLITHIC,-4000,-2000,Daventry
54009,,,36.1,18.4,3.4,,,1,NEOLITHIC,,,West Lindsey
53963,,,29.69,15.75,,,1.6,1,NEOLITHIC,-3500,-2900,North Tyneside
52444,,,41,29,5,,4.34,1,BRONZE AGE,-2500,-1500,Forest Heath
52292,,,22,21,1,,1.5,1,NEOLITHIC,-4000,-1500,Medway
51654,,,27,20,,,1.53,1,BRONZE AGE,-2500,-1500,North Norfolk
51070,Leaf,,19.3,17.4,2.8,,0.9,1,NEOLITHIC,-3500,-1500,the Vale of Glamorgan
51067,Barbed and Tanged,,21.1,15.5,4.4,,1.3,1,BRONZE AGE,-2300,-1500,the Vale of Glamorgan
50973,barbed and tanged,,20.5,18,,,1.37,1,BRONZE AGE,,,North Lincolnshire
49927,,,21.1,16.9,2.8,,,1,NEOLITHIC,,,Malvern Hills
49787,,,27.6,17.4,4.2,,2,1,NEOLITHIC,,,Monmouthshire
49764,,,28.4,17.3,4.2,,1.9,1,NEOLITHIC,,,Caerphilly
48819,,,36.5,19.1,5.6,,4.2,1,NEOLITHIC,-4500,-1700,Wiltshire
48608,,,85.7,17.1,,8.5,12.6,1,MEDIEVAL,1100,1400,the Vale of Glamorgan
48536,,,21,27,5,,2.94,1,MESOLITHIC,-8000,-1500,Ashford
48331,Leaf,,44.93,18.35,4.22,,3.81,1,NEOLITHIC,-4000,-2400,South Somerset
47477,Trenchet arrowhead,,32,25,,,,1,NEOLITHIC,-4000,-2200,Ryedale
47476,Trenchet arrowhead,,28,20,,,,1,NEOLITHIC,-4000,-2200,Ryedale
47475,Transverse arrowhead,,37,24,,,,1,NEOLITHIC,-4000,-2200,Ryedale
47474,Transverse arrowhead,,32,22,,,,1,NEOLITHIC,-4000,-2200,Ryedale
47472,Leaf-shaped,,29,21,,,,1,NEOLITHIC,-4000,-2200,Ryedale
47471,Leaf-shaped,,29,22,,,,1,NEOLITHIC,-4000,-2200,Ryedale
47470,Barbed and tanged,,21,17,,,,1,BRONZE AGE,,,Ryedale
47468,Leaf-shaped,,40,19,,,,1,NEOLITHIC,-4000,-2200,Ryedale
47390,Barbed and tanged arrowhead,,58,16,,,,1,POST MEDIEVAL,,,Selby
47389,Barbed and tanged arrowhead,,62,18,,,,1,POST MEDIEVAL,,,Selby
47147,"large, flat, leaf shaped",,25.4,30.5,4,,,1,BRONZE AGE,-2500,-700,Selby
46648,,,35.29,28.17,3.75,,2.47,1,BRONZE AGE,-2500,-700,East Northamptonshire
46454,,,,23.01,6.26,,,1,BRONZE AGE,-2500,-1000,Northampton
46235,leaf shaped,,29.47,19.08,3.8,,2.02,1,NEOLITHIC,-4000,-2200,Daventry
46207,,,,16.23,3.37,,1.32,1,NEOLITHIC,-4000,-2200,Daventry
45909,leaf shaped,,30.05,16.43,2.57,,1.2,1,NEOLITHIC,-3500,-2200,Daventry
45867,Leaf - Shaped Arrowhead,,27.19,19.22,4.2,,2.39,1,NEOLITHIC,-4000,-2200,
45277,Barb and Tanged Arrowhead,,,,,,,1,BRONZE AGE,-2500,-1400,Warwick
45059,,,55.58,15.58,3.54,6.82,5.27,1,MEDIEVAL,1066,1350,Milton Keynes
44818,leafshaped,,27.63,16.35,2.57,,1.17,1,NEOLITHIC,-4000,-2200,Daventry
42831,,,40,22,8,,,1,NEOLITHIC,-4000,-2200,Shepway
42694,,,34,22,5,,,1,BRONZE AGE,-2500,-700,Shepway
41518,,,30,20,,,,1,BRONZE AGE,-2500,-700,Cheshire East
41284,,,55.2,22.3,2.7,,,1,NEOLITHIC,-4000,-2200,North Lincolnshire
41064,,,39.5,18.1,4.6,,2.92,1,NEOLITHIC,-4000,-700,Newark and Sherwood
40220,,,31.4,21.6,3.7,,2.62,1,NEOLITHIC,-4000,-2200,North Lincolnshire
40101,,,25.8,15.3,3.5,,1.19,1,BRONZE AGE,-2500,-700,Selby
39913,,,,,,,,1,NEOLITHIC,-4000,-2200,Broadland
38090,,,45,14,5.5,,7.96,1,MEDIEVAL,1066,1540,Babergh
37326,,,49,25,5,,5.98,1,BRONZE AGE,-2500,-1500,Suffolk Coastal
37325,,,32,21,4,,2.49,1,NEOLITHIC,-4000,-1500,Suffolk Coastal
37120,,,64,12,10,,13.58,1,BRONZE AGE,-2500,-700,South Cambridgeshire
36753,,,163,12,,,14.88,1,POST MEDIEVAL,1540,,Tendring
36184,,,66,22,11,,21.24,1,BRONZE AGE,-1000,-700,Suffolk Coastal
36120,,,60,50,9,,,1,NEOLITHIC,-2500,-1800,North Norfolk
31345,Leaf,Green's type 3B,29.6,16.2,4.7,,1.5,1,NEOLITHIC,-2600,-1900,Forest of Dean
31045,,,36.1,17,3.2,,1.35,1,NEOLITHIC,,,North Lincolnshire
30061,,flint,35,15,,,,1,NEOLITHIC,-2500,-2150,West Lindsey
28187,proximal section (point),,30.3,16.4,4.3,,,1,BRONZE AGE,-2500,-700,East Riding of Yorkshire
27811,Leaf,,25.1,21.2,3.4,,,1,NEOLITHIC,-4000,-3000,Ryedale
27613,,,,,,,,1,NEOLITHIC,,,
27361,,,18.54,13.9,3.17,,,1,NEOLITHIC,,,North Warwickshire
27235,,,62.45,18.78,8.84,,,1,MEDIEVAL,1066,1540,Stratford-on-Avon
27087,Barb and Tanged,Sutton Type B or C,40,30,6,,,1,PREHISTORIC,-500000,43,Wyre Forest
27008,Leaf Shaped Arrowhead,,24.46,15.41,2.74,,,1,NEOLITHIC,-4000,-2200,Lichfield
26960,Leaf Shaped Arrowhead,,39.26,21.78,3.62,,,1,NEOLITHIC,,,Lichfield
26190,Tanged,,36.2,28.34,7.38,,,1,NEOLITHIC,-4000,-2200,Cotswold
25581,Leaf-shaped arrowhead,,30.2,22.65,,,3.12,1,NEOLITHIC,-4000,-2200,Stratford-on-Avon
25341,Leaf-Shaped Arrowhead,,31.69,17.25,4.13,,,1,NEOLITHIC,-4000,-2200,Malvern Hills
25210,,,23.81,15.24,3.52,,,1,PREHISTORIC,-500000,43,Malvern Hills
24653,,,41.1,30.76,4.8,,,1,BRONZE AGE,,,Hinckley and Bosworth
24386,,,24.15,16.4,3.86,,,1,NEOLITHIC,-4000,-2200,Lichfield
24375,,,26.09,16.74,2.8,,,1,NEOLITHIC,-4000,-2200,Lichfield
24364,Trinchet arrowhead,,35.1,19.31,,,,1,NEOLITHIC,-4000,-2200,Lichfield
23859,Barb and Tanged Arrowhead,,33.36,27.54,5.15,,,1,BRONZE AGE,,,Wychavon
23824,,,24.38,16.7,4,,,1,BRONZE AGE,-2500,-700,Tewkesbury
23344,Flint,Leaf point,24.63,16.16,2.89,,,1,NEOLITHIC,-3000,-1500,South Somerset
22678,Leaf arrowhead,,35.15,18.52,2.88,,,1,NEOLITHIC,-4000,2700,South Somerset
22677,Barbed and tanged arrowhead,,,,,,,1,BRONZE AGE,-2700,-700,South Somerset
21488,,,,,,,,1,BRONZE AGE,-2500,-1500,St. Edmundsbury
21227,,,38,27,4,,4.97,1,NEOLITHIC,-3000,-1500,North Norfolk
19028,barbed and tanged,,28,19,4,,2.07,1,BRONZE AGE,-2500,-1500,Mid Suffolk
18368,,,47,24,6,,7.43,1,BRONZE AGE,-2500,-1501,Suffolk Coastal
17473,,,42,18,5,,,1,BRONZE AGE,-2500,-700,Babergh
16287,,,113,26,,,,1,MEDIEVAL,1066,1500,Forest Heath
15237,,,77.04,37.99,,,,1,MEDIEVAL,1066,1540,Milton Keynes
14633,,,24.5,16.4,4,,1.33,1,NEOLITHIC,-4000,-700,Merthyr Tydfil
14452,Barbed and tanged arrowhead,,25.9,16,4.6,,1.7,1,BRONZE AGE,-2500,-1800,the Vale of Glamorgan
13164,,,50.1,13,5.8,,3.6,1,NEOLITHIC,-4000,-2200,
12795,,,28.8,17.5,3.3,,1.62,1,NEOLITHIC,-4000,-2200,South Kesteven
8137,,,76.01,17.58,2.94,,11.02,1,BRONZE AGE,-2500,-700,Daventry
6823,,,57.6,14.89,4.85,,9.73,1,EARLY MEDIEVAL,900,1300,East Northamptonshire
6770,,,56.08,,,12.66,16.1,1,MEDIEVAL,1066,1540,East Northamptonshire
6177,,,25,21.5,,,,1,BRONZE AGE,-2500,-700,Cheshire West and Chester
4301,,,25,17,4,,,1,UNKNOWN,,,Tonbridge and Malling
3107,,,26,17,15,,,1,PALAEOLITHIC,-500000,43,Maidstone
3044,,,34,15,6,,,1,PALAEOLITHIC,-500000,-2200,Ashford
3042,,,25,20,3,,,1,PALAEOLITHIC,-500000,-2200,Ashford
2816,,,37,15,4,,,1,BRONZE AGE,-2500,-700,
2788,Barbed/Tanged,,38,18,7,,,1,NEOLITHIC,-4000,-2200,
2786,leaf,,49,21,6,,,1,NEOLITHIC,-4000,-2200,Ashford
2664,,,41,21,7,,,1,NEOLITHIC,-4000,-700,Swale
2329,Conygar Hill type,,39,35,5,,,1,BRONZE AGE,-2500,-700,Ashford
1268,Oblique,,45,21,,,,1,BRONZE AGE,-2500,-700,East Hampshire
250,Barbed-and-tanged,,40,20.5,3,,,1,NEOLITHIC,-2200,-1750,East Hampshire
